TB_Seal_ID	NDL_IIIF_Image_API_Base_URI	x	y	width	height
T1_016_A51	https://www.dl.ndl.go.jp/api/iiif/1245837/R0000018	916	638	220	290
T1_016_A53	https://www.dl.ndl.go.jp/api/iiif/1245837/R0000018	876	2468	250	270
T1_016_A61	https://www.dl.ndl.go.jp/api/iiif/1245837/R0000018	586	630	260	330
T1_016_A62	https://www.dl.ndl.go.jp/api/iiif/1245837/R0000018	572	2464	250	340
T1_016_B11	https://www.dl.ndl.go.jp/api/iiif/1245837/R0000019	4628	606	200	350
T1_016_B31	https://www.dl.ndl.go.jp/api/iiif/1245837/R0000019	4002	610	210	130
T1_016_B31_2	https://www.dl.ndl.go.jp/api/iiif/1245837/R0000019	4004	740	210	190
T1_016_B33	https://www.dl.ndl.go.jp/api/iiif/1245837/R0000019	4020	2420	200	300
T1_016_B33_2	https://www.dl.ndl.go.jp/api/iiif/1245837/R0000019	4120	2750	160	220
T1_016_B41	https://www.dl.ndl.go.jp/api/iiif/1245837/R0000019	3684	598	230	270
T1_016_B41_2	https://www.dl.ndl.go.jp/api/iiif/1245837/R0000019	3682	860	220	260
T1_016_B41_3	https://www.dl.ndl.go.jp/api/iiif/1245837/R0000019	3672	1134	250	290
T1_016_B41_4	https://www.dl.ndl.go.jp/api/iiif/1245837/R0000019	3688	1460	250	300
T1_016_B51	https://www.dl.ndl.go.jp/api/iiif/1245837/R0000019	3366	606	210	190
T1_016_B51_2	https://www.dl.ndl.go.jp/api/iiif/1245837/R0000019	3360	814	220	280
T1_017_A11	https://www.dl.ndl.go.jp/api/iiif/1245837/R0000019	2156	640	210	240
T1_017_A11_2	https://www.dl.ndl.go.jp/api/iiif/1245837/R0000019	2168	904	180	220
T1_017_A13	https://www.dl.ndl.go.jp/api/iiif/1245837/R0000019	2132	2424	260	270
T1_017_A21	https://www.dl.ndl.go.jp/api/iiif/1245837/R0000019	1822	626	240	280
T1_017_A22	https://www.dl.ndl.go.jp/api/iiif/1245837/R0000019	1824	2410	260	410
T1_017_A31	https://www.dl.ndl.go.jp/api/iiif/1245837/R0000019	1520	624	250	270
T1_017_A32	https://www.dl.ndl.go.jp/api/iiif/1245837/R0000019	1510	2418	210	270
T1_017_A41	https://www.dl.ndl.go.jp/api/iiif/1245837/R0000019	1208	614	250	390
T1_017_A43	https://www.dl.ndl.go.jp/api/iiif/1245837/R0000019	1210	2416	210	240
T1_017_A43_2	https://www.dl.ndl.go.jp/api/iiif/1245837/R0000019	1210	2638	210	250
T1_017_A51	https://www.dl.ndl.go.jp/api/iiif/1245837/R0000019	898	622	260	270
T1_017_A52	https://www.dl.ndl.go.jp/api/iiif/1245837/R0000019	906	2432	250	280
T1_017_A61	https://www.dl.ndl.go.jp/api/iiif/1245837/R0000019	592	642	240	250
T1_017_A61_2	https://www.dl.ndl.go.jp/api/iiif/1245837/R0000019	576	874	250	300
T1_017_A63	https://www.dl.ndl.go.jp/api/iiif/1245837/R0000019	546	2422	250	320
T1_017_A63_2	https://www.dl.ndl.go.jp/api/iiif/1245837/R0000019	566	2728	240	300
T1_017_B11	https://www.dl.ndl.go.jp/api/iiif/1245837/R0000020	4628	606	240	260
T1_017_B12	https://www.dl.ndl.go.jp/api/iiif/1245837/R0000020	4620	2434	230	280
T1_017_B21	https://www.dl.ndl.go.jp/api/iiif/1245837/R0000020	4312	612	230	250
T1_017_B22	https://www.dl.ndl.go.jp/api/iiif/1245837/R0000020	4320	2424	210	270
T1_017_B31	https://www.dl.ndl.go.jp/api/iiif/1245837/R0000020	3994	604	240	270
T1_017_B32	https://www.dl.ndl.go.jp/api/iiif/1245837/R0000020	4000	2412	260	310
T1_017_B41	https://www.dl.ndl.go.jp/api/iiif/1245837/R0000020	3702	606	230	240
T1_017_B42	https://www.dl.ndl.go.jp/api/iiif/1245837/R0000020	3702	2412	250	290
T1_017_B51	https://www.dl.ndl.go.jp/api/iiif/1245837/R0000020	3384	594	250	290
T1_017_B52	https://www.dl.ndl.go.jp/api/iiif/1245837/R0000020	3366	2426	250	310
T1_017_B61	https://www.dl.ndl.go.jp/api/iiif/1245837/R0000020	3078	602	220	280
T1_018_A11	https://www.dl.ndl.go.jp/api/iiif/1245837/R0000020	2122	614	290	370
T1_018_A12	https://www.dl.ndl.go.jp/api/iiif/1245837/R0000020	2084	2434	250	330
T1_018_A21	https://www.dl.ndl.go.jp/api/iiif/1245837/R0000020	1806	842	230	300
T1_018_A22	https://www.dl.ndl.go.jp/api/iiif/1245837/R0000020	1780	2430	250	330
T1_018_A31	https://www.dl.ndl.go.jp/api/iiif/1245837/R0000020	1500	604	260	290
T1_018_A32	https://www.dl.ndl.go.jp/api/iiif/1245837/R0000020	1470	2444	230	270
T1_018_A41	https://www.dl.ndl.go.jp/api/iiif/1245837/R0000020	1200	806	260	330
T1_018_A43	https://www.dl.ndl.go.jp/api/iiif/1245837/R0000020	1166	2442	290	410
T1_018_A51	https://www.dl.ndl.go.jp/api/iiif/1245837/R0000020	894	604	270	360
T1_018_A52	https://www.dl.ndl.go.jp/api/iiif/1245837/R0000020	844	2418	270	320
T1_018_A61	https://www.dl.ndl.go.jp/api/iiif/1245837/R0000020	590	802	270	280
T1_018_A62	https://www.dl.ndl.go.jp/api/iiif/1245837/R0000020	542	2426	290	320
T1_018_B11	https://www.dl.ndl.go.jp/api/iiif/1245837/R0000021	4614	584	286	360
T1_018_B12	https://www.dl.ndl.go.jp/api/iiif/1245837/R0000021	4626	2452	256	334
T1_018_B21	https://www.dl.ndl.go.jp/api/iiif/1245837/R0000021	4318	770	292	316
T1_018_B22	https://www.dl.ndl.go.jp/api/iiif/1245837/R0000021	4324	2422	252	310
T1_018_B22_2	https://www.dl.ndl.go.jp/api/iiif/1245837/R0000021	4334	2746	246	294
T1_018_B22_3	https://www.dl.ndl.go.jp/api/iiif/1245837/R0000021	4342	3050	232	216
T1_018_B31	https://www.dl.ndl.go.jp/api/iiif/1245837/R0000021	4006	618	244	444
T1_018_B32	https://www.dl.ndl.go.jp/api/iiif/1245837/R0000021	4020	2424	228	250
T1_018_B32_2	https://www.dl.ndl.go.jp/api/iiif/1245837/R0000021	4010	2678	240	276
T1_018_B41	https://www.dl.ndl.go.jp/api/iiif/1245837/R0000021	3700	592	268	312
T1_018_B42	https://www.dl.ndl.go.jp/api/iiif/1245837/R0000021	3702	2440	258	264
T1_018_B51	https://www.dl.ndl.go.jp/api/iiif/1245837/R0000021	3368	788	234	292
T1_018_B52	https://www.dl.ndl.go.jp/api/iiif/1245837/R0000021	3402	2434	240	276
T1_018_B61	https://www.dl.ndl.go.jp/api/iiif/1245837/R0000021	3052	600	246	340
T1_018_B62	https://www.dl.ndl.go.jp/api/iiif/1245837/R0000021	3082	2458	226	280
T1_019_A11	https://www.dl.ndl.go.jp/api/iiif/1245837/R0000021	2202	634	256	310
T1_019_A12	https://www.dl.ndl.go.jp/api/iiif/1245837/R0000021	2166	2454	280	276
T1_019_A21	https://www.dl.ndl.go.jp/api/iiif/1245837/R0000021	1880	624	228	270
T1_019_A22	https://www.dl.ndl.go.jp/api/iiif/1245837/R0000021	1854	2468	282	376
T1_019_A31	https://www.dl.ndl.go.jp/api/iiif/1245837/R0000021	1564	812	228	294
T1_019_A32	https://www.dl.ndl.go.jp/api/iiif/1245837/R0000021	1544	2472	258	334
T1_019_A41	https://www.dl.ndl.go.jp/api/iiif/1245837/R0000021	1252	598	264	346
T1_019_A42	https://www.dl.ndl.go.jp/api/iiif/1245837/R0000021	1238	2460	210	208
T1_019_A42_2	https://www.dl.ndl.go.jp/api/iiif/1245837/R0000021	1240	2678	222	280
T1_019_A51	https://www.dl.ndl.go.jp/api/iiif/1245837/R0000021	946	842	258	298
T1_019_A52	https://www.dl.ndl.go.jp/api/iiif/1245837/R0000021	912	2470	214	310
T1_019_A61	https://www.dl.ndl.go.jp/api/iiif/1245837/R0000021	622	616	244	292
T1_019_A62	https://www.dl.ndl.go.jp/api/iiif/1245837/R0000021	630	2450	228	346
T1_019_B11	https://www.dl.ndl.go.jp/api/iiif/1245837/R0000022	4588	580	250	360
T1_019_B12	https://www.dl.ndl.go.jp/api/iiif/1245837/R0000022	4572	2404	250	360
T1_019_B21	https://www.dl.ndl.go.jp/api/iiif/1245837/R0000022	4296	590	230	270
T1_019_B22	https://www.dl.ndl.go.jp/api/iiif/1245837/R0000022	4272	2432	240	280
T1_019_B31	https://www.dl.ndl.go.jp/api/iiif/1245837/R0000022	3982	584	260	310
T1_019_B32	https://www.dl.ndl.go.jp/api/iiif/1245837/R0000022	3972	2396	260	300
T1_019_B41	https://www.dl.ndl.go.jp/api/iiif/1245837/R0000022	3678	792	240	340
T1_019_B42	https://www.dl.ndl.go.jp/api/iiif/1245837/R0000022	3654	2402	250	330
T1_019_B51	https://www.dl.ndl.go.jp/api/iiif/1245837/R0000022	3332	592	250	320
T1_019_B52	https://www.dl.ndl.go.jp/api/iiif/1245837/R0000022	3340	2412	230	310
T1_019_B61	https://www.dl.ndl.go.jp/api/iiif/1245837/R0000022	3022	584	260	300
T1_019_B62	https://www.dl.ndl.go.jp/api/iiif/1245837/R0000022	3076	2408	200	340
T1_020_A11	https://www.dl.ndl.go.jp/api/iiif/1245837/R0000022	2142	660	250	290
T1_020_A12	https://www.dl.ndl.go.jp/api/iiif/1245837/R0000022	2112	2454	250	310
T1_020_A21	https://www.dl.ndl.go.jp/api/iiif/1245837/R0000022	1812	636	290	380
T1_020_A22	https://www.dl.ndl.go.jp/api/iiif/1245837/R0000022	1810	2476	260	340
T1_020_A31	https://www.dl.ndl.go.jp/api/iiif/1245837/R0000022	1522	646	240	320
T1_020_A32	https://www.dl.ndl.go.jp/api/iiif/1245837/R0000022	1508	2466	260	310
T1_020_A41	https://www.dl.ndl.go.jp/api/iiif/1245837/R0000022	1216	660	230	330
T1_020_A42	https://www.dl.ndl.go.jp/api/iiif/1245837/R0000022	1194	2466	280	300
T1_020_A51	https://www.dl.ndl.go.jp/api/iiif/1245837/R0000022	892	652	270	270
T1_020_A52	https://www.dl.ndl.go.jp/api/iiif/1245837/R0000022	898	2450	220	320
T1_020_A61	https://www.dl.ndl.go.jp/api/iiif/1245837/R0000022	584	652	270	300
T1_020_A62	https://www.dl.ndl.go.jp/api/iiif/1245837/R0000022	592	2464	250	370
T1_020_B11	https://www.dl.ndl.go.jp/api/iiif/1245837/R0000023	4620	630	250	270
T1_020_B12	https://www.dl.ndl.go.jp/api/iiif/1245837/R0000023	4634	2452	250	310
T1_020_B21	https://www.dl.ndl.go.jp/api/iiif/1245837/R0000023	4322	618	240	320
T1_020_B22	https://www.dl.ndl.go.jp/api/iiif/1245837/R0000023	4314	2450	230	280
T1_020_B31	https://www.dl.ndl.go.jp/api/iiif/1245837/R0000023	4016	624	250	310
T1_020_B32	https://www.dl.ndl.go.jp/api/iiif/1245837/R0000023	4034	2442	230	390
T1_020_B41	https://www.dl.ndl.go.jp/api/iiif/1245837/R0000023	3694	642	270	320
T1_020_B42	https://www.dl.ndl.go.jp/api/iiif/1245837/R0000023	3690	2460	270	350
T1_020_B51	https://www.dl.ndl.go.jp/api/iiif/1245837/R0000023	3392	614	240	320
T1_020_B52	https://www.dl.ndl.go.jp/api/iiif/1245837/R0000023	3370	2446	260	300
T1_020_B61	https://www.dl.ndl.go.jp/api/iiif/1245837/R0000023	3062	780	240	260
T1_021_A31	https://www.dl.ndl.go.jp/api/iiif/1245837/R0000023	1474	612	190	330
T1_021_A33	https://www.dl.ndl.go.jp/api/iiif/1245837/R0000023	1472	2406	240	240
T1_021_A41	https://www.dl.ndl.go.jp/api/iiif/1245837/R0000023	1164	768	210	250
T1_021_A42	https://www.dl.ndl.go.jp/api/iiif/1245837/R0000023	1148	2400	220	230
T1_021_A51	https://www.dl.ndl.go.jp/api/iiif/1245837/R0000023	838	628	230	340
T1_021_A52	https://www.dl.ndl.go.jp/api/iiif/1245837/R0000023	856	2458	210	220
T1_021_A61	https://www.dl.ndl.go.jp/api/iiif/1245837/R0000023	530	796	270	300
T1_021_B21	https://www.dl.ndl.go.jp/api/iiif/1245837/R0000024	4276	572	190	200
T1_021_B21_2	https://www.dl.ndl.go.jp/api/iiif/1245837/R0000024	4296	758	180	350
T1_021_B22	https://www.dl.ndl.go.jp/api/iiif/1245837/R0000024	4322	2388	180	230
T1_021_B31	https://www.dl.ndl.go.jp/api/iiif/1245837/R0000024	3954	756	220	340
T1_021_B33	https://www.dl.ndl.go.jp/api/iiif/1245837/R0000024	3972	2532	290	380
T1_021_B43	https://www.dl.ndl.go.jp/api/iiif/1245837/R0000024	3662	2408	240	450
T1_021_B51	https://www.dl.ndl.go.jp/api/iiif/1245837/R0000024	3316	826	260	330
T1_021_B52	https://www.dl.ndl.go.jp/api/iiif/1245837/R0000024	3348	2588	260	350
T1_021_B61	https://www.dl.ndl.go.jp/api/iiif/1245837/R0000024	2990	640	270	260
T1_021_B64	https://www.dl.ndl.go.jp/api/iiif/1245837/R0000024	3040	2424	250	360
T1_022_A11	https://www.dl.ndl.go.jp/api/iiif/1245837/R0000024	2092	596	270	340
T1_022_A12	https://www.dl.ndl.go.jp/api/iiif/1245837/R0000024	2104	2410	280	330
T1_022_A21	https://www.dl.ndl.go.jp/api/iiif/1245837/R0000024	1768	610	290	360
T1_022_A22	https://www.dl.ndl.go.jp/api/iiif/1245837/R0000024	1776	2408	290	360
T1_022_A31	https://www.dl.ndl.go.jp/api/iiif/1245837/R0000024	1482	636	250	330
T1_022_A32	https://www.dl.ndl.go.jp/api/iiif/1245837/R0000024	1482	2432	240	200
T1_022_A41	https://www.dl.ndl.go.jp/api/iiif/1245837/R0000024	1164	614	260	280
T1_022_A42	https://www.dl.ndl.go.jp/api/iiif/1245837/R0000024	1164	2412	290	400
T1_022_A51	https://www.dl.ndl.go.jp/api/iiif/1245837/R0000024	852	644	300	300
T1_022_A52	https://www.dl.ndl.go.jp/api/iiif/1245837/R0000024	894	2426	240	320
T1_022_A61	https://www.dl.ndl.go.jp/api/iiif/1245837/R0000024	574	636	270	240
T1_022_A62	https://www.dl.ndl.go.jp/api/iiif/1245837/R0000024	572	2430	280	290
T1_022_B11	https://www.dl.ndl.go.jp/api/iiif/1245837/R0000025	4568	584	240	340
T1_022_B12	https://www.dl.ndl.go.jp/api/iiif/1245837/R0000025	4574	2394	260	320
T1_022_B21	https://www.dl.ndl.go.jp/api/iiif/1245837/R0000025	4260	600	250	250
T1_022_B22	https://www.dl.ndl.go.jp/api/iiif/1245837/R0000025	4278	2428	250	280
T1_022_B31	https://www.dl.ndl.go.jp/api/iiif/1245837/R0000025	3946	580	280	350
T1_022_B32	https://www.dl.ndl.go.jp/api/iiif/1245837/R0000025	3942	2434	260	240
T1_022_B41	https://www.dl.ndl.go.jp/api/iiif/1245837/R0000025	3638	598	270	280
T1_022_B42	https://www.dl.ndl.go.jp/api/iiif/1245837/R0000025	3642	2426	290	320
T1_022_B51	https://www.dl.ndl.go.jp/api/iiif/1245837/R0000025	3324	586	270	240
T1_022_B53	https://www.dl.ndl.go.jp/api/iiif/1245837/R0000025	3316	2434	260	370
T1_022_B62	https://www.dl.ndl.go.jp/api/iiif/1245837/R0000025	3024	2424	260	360
T1_023_A11	https://www.dl.ndl.go.jp/api/iiif/1245837/R0000025	2160	642	250	330
T1_023_A12	https://www.dl.ndl.go.jp/api/iiif/1245837/R0000025	2132	2426	270	290
T1_023_A21	https://www.dl.ndl.go.jp/api/iiif/1245837/R0000025	1844	608	260	420
T1_023_A22	https://www.dl.ndl.go.jp/api/iiif/1245837/R0000025	1834	2468	240	340
T1_023_A31	https://www.dl.ndl.go.jp/api/iiif/1245837/R0000025	1524	620	290	240
T1_023_A32	https://www.dl.ndl.go.jp/api/iiif/1245837/R0000025	1502	2466	280	340
T1_023_A41	https://www.dl.ndl.go.jp/api/iiif/1245837/R0000025	1228	622	230	210
T1_023_A42	https://www.dl.ndl.go.jp/api/iiif/1245837/R0000025	1202	2474	250	310
T1_023_A51	https://www.dl.ndl.go.jp/api/iiif/1245837/R0000025	900	622	260	300
T1_023_A52	https://www.dl.ndl.go.jp/api/iiif/1245837/R0000025	896	2476	270	300
T1_023_A61	https://www.dl.ndl.go.jp/api/iiif/1245837/R0000025	612	622	230	300
T1_023_A62	https://www.dl.ndl.go.jp/api/iiif/1245837/R0000025	582	2458	270	350
T1_023_B11	https://www.dl.ndl.go.jp/api/iiif/1245837/R0000026	4582	572	260	380
T1_023_B12	https://www.dl.ndl.go.jp/api/iiif/1245837/R0000026	4576	2402	240	260
T1_023_B21	https://www.dl.ndl.go.jp/api/iiif/1245837/R0000026	4268	594	250	320
T1_023_B22	https://www.dl.ndl.go.jp/api/iiif/1245837/R0000026	4248	2392	250	250
T1_023_B31	https://www.dl.ndl.go.jp/api/iiif/1245837/R0000026	3948	572	260	300
T1_023_B32	https://www.dl.ndl.go.jp/api/iiif/1245837/R0000026	3928	2378	250	320
T1_023_B41	https://www.dl.ndl.go.jp/api/iiif/1245837/R0000026	3640	550	220	340
T1_023_B42	https://www.dl.ndl.go.jp/api/iiif/1245837/R0000026	3648	2376	270	390
T1_023_B51	https://www.dl.ndl.go.jp/api/iiif/1245837/R0000026	3330	544	270	310
T1_023_B53	https://www.dl.ndl.go.jp/api/iiif/1245837/R0000026	3324	2380	260	360
T1_023_B61	https://www.dl.ndl.go.jp/api/iiif/1245837/R0000026	2984	544	270	310
T1_023_B62	https://www.dl.ndl.go.jp/api/iiif/1245837/R0000026	3006	2372	260	330
T1_024_A11	https://www.dl.ndl.go.jp/api/iiif/1245837/R0000026	2096	634	250	300
T1_024_A12	https://www.dl.ndl.go.jp/api/iiif/1245837/R0000026	2124	2426	260	330
T1_024_A21	https://www.dl.ndl.go.jp/api/iiif/1245837/R0000026	1786	624	250	400
T1_024_A22	https://www.dl.ndl.go.jp/api/iiif/1245837/R0000026	1802	2436	250	400
T1_024_A31	https://www.dl.ndl.go.jp/api/iiif/1245837/R0000026	1464	618	260	310
T1_024_A32	https://www.dl.ndl.go.jp/api/iiif/1245837/R0000026	1492	2456	260	410
T1_024_A41	https://www.dl.ndl.go.jp/api/iiif/1245837/R0000026	1166	636	270	350
T1_024_A42	https://www.dl.ndl.go.jp/api/iiif/1245837/R0000026	1180	2490	270	310
T1_024_A51	https://www.dl.ndl.go.jp/api/iiif/1245837/R0000026	862	636	240	320
T1_024_A52	https://www.dl.ndl.go.jp/api/iiif/1245837/R0000026	874	2496	210	300
T1_024_A61	https://www.dl.ndl.go.jp/api/iiif/1245837/R0000026	560	642	260	350
T1_024_A62	https://www.dl.ndl.go.jp/api/iiif/1245837/R0000026	568	2474	230	230
T1_024_B11	https://www.dl.ndl.go.jp/api/iiif/1245837/R0000027	4528	630	250	280
T1_024_B12	https://www.dl.ndl.go.jp/api/iiif/1245837/R0000027	4562	2396	260	360
T1_024_B21	https://www.dl.ndl.go.jp/api/iiif/1245837/R0000027	4226	616	240	320
T1_024_B22	https://www.dl.ndl.go.jp/api/iiif/1245837/R0000027	4242	2418	240	290
T1_024_B31	https://www.dl.ndl.go.jp/api/iiif/1245837/R0000027	3932	612	270	260
T1_024_B32	https://www.dl.ndl.go.jp/api/iiif/1245837/R0000027	3936	2428	250	310
T1_024_B41	https://www.dl.ndl.go.jp/api/iiif/1245837/R0000027	3608	2424	270	240
T1_024_B51	https://www.dl.ndl.go.jp/api/iiif/1245837/R0000027	3302	590	270	270
T1_024_B52	https://www.dl.ndl.go.jp/api/iiif/1245837/R0000027	3316	2416	260	350
T1_024_B62	https://www.dl.ndl.go.jp/api/iiif/1245837/R0000027	3008	2420	260	290
T1_025_A11	https://www.dl.ndl.go.jp/api/iiif/1245837/R0000027	2056	612	260	330
T1_025_A12	https://www.dl.ndl.go.jp/api/iiif/1245837/R0000027	2078	2420	240	300
T1_025_A21	https://www.dl.ndl.go.jp/api/iiif/1245837/R0000027	1750	642	240	270
T1_025_A22	https://www.dl.ndl.go.jp/api/iiif/1245837/R0000027	1766	2418	280	380
T1_025_A41	https://www.dl.ndl.go.jp/api/iiif/1245837/R0000027	1128	634	230	290
T1_025_A42	https://www.dl.ndl.go.jp/api/iiif/1245837/R0000027	1132	2464	240	300
T1_025_A51	https://www.dl.ndl.go.jp/api/iiif/1245837/R0000027	836	630	280	360
T1_025_A53	https://www.dl.ndl.go.jp/api/iiif/1245837/R0000027	840	2472	250	310
T1_025_A61	https://www.dl.ndl.go.jp/api/iiif/1245837/R0000027	530	650	250	270
T1_025_A62	https://www.dl.ndl.go.jp/api/iiif/1245837/R0000027	516	2472	250	370
T1_025_B11	https://www.dl.ndl.go.jp/api/iiif/1245837/R0000028	4512	618	240	360
T1_025_B12	https://www.dl.ndl.go.jp/api/iiif/1245837/R0000028	4506	2424	300	330
T1_025_B21	https://www.dl.ndl.go.jp/api/iiif/1245837/R0000028	4212	608	260	290
T1_025_B22	https://www.dl.ndl.go.jp/api/iiif/1245837/R0000028	4170	2396	260	350
T1_025_B31	https://www.dl.ndl.go.jp/api/iiif/1245837/R0000028	3898	596	280	310
T1_025_B32	https://www.dl.ndl.go.jp/api/iiif/1245837/R0000028	3892	2402	260	300
T1_025_B41	https://www.dl.ndl.go.jp/api/iiif/1245837/R0000028	3588	592	270	310
T1_025_B42	https://www.dl.ndl.go.jp/api/iiif/1245837/R0000028	3576	2392	270	300
T1_025_B51	https://www.dl.ndl.go.jp/api/iiif/1245837/R0000028	3284	588	290	300
T1_025_B52	https://www.dl.ndl.go.jp/api/iiif/1245837/R0000028	3242	2384	280	300
T1_025_B61	https://www.dl.ndl.go.jp/api/iiif/1245837/R0000028	2988	596	240	260
T1_025_B62	https://www.dl.ndl.go.jp/api/iiif/1245837/R0000028	2962	2388	270	360
T1_026_A11	https://www.dl.ndl.go.jp/api/iiif/1245837/R0000028	2092	614	280	300
T1_026_A12	https://www.dl.ndl.go.jp/api/iiif/1245837/R0000028	2086	2410	270	300
T1_026_A21	https://www.dl.ndl.go.jp/api/iiif/1245837/R0000028	1776	596	280	420
T1_026_A22	https://www.dl.ndl.go.jp/api/iiif/1245837/R0000028	1802	2416	210	300
T1_026_A31	https://www.dl.ndl.go.jp/api/iiif/1245837/R0000028	1490	614	250	310
T1_026_A33	https://www.dl.ndl.go.jp/api/iiif/1245837/R0000028	1482	2432	230	350
T1_026_A41	https://www.dl.ndl.go.jp/api/iiif/1245837/R0000028	1190	606	260	340
T1_026_A42	https://www.dl.ndl.go.jp/api/iiif/1245837/R0000028	1166	2400	240	340
T1_026_A51	https://www.dl.ndl.go.jp/api/iiif/1245837/R0000028	856	618	280	380
T1_026_A52	https://www.dl.ndl.go.jp/api/iiif/1245837/R0000028	868	2416	280	370
T1_026_A61	https://www.dl.ndl.go.jp/api/iiif/1245837/R0000028	574	626	250	300
T1_026_A62	https://www.dl.ndl.go.jp/api/iiif/1245837/R0000028	558	2432	280	310
T1_026_B11	https://www.dl.ndl.go.jp/api/iiif/1245837/R0000029	4618	632	280	450
T1_026_B12	https://www.dl.ndl.go.jp/api/iiif/1245837/R0000029	4594	2422	240	300
T1_026_B21	https://www.dl.ndl.go.jp/api/iiif/1245837/R0000029	4302	638	270	380
T1_026_B22	https://www.dl.ndl.go.jp/api/iiif/1245837/R0000029	4280	2444	240	290
T1_026_B31	https://www.dl.ndl.go.jp/api/iiif/1245837/R0000029	3994	612	240	250
T1_026_B32	https://www.dl.ndl.go.jp/api/iiif/1245837/R0000029	3972	2414	250	390
T1_026_B41	https://www.dl.ndl.go.jp/api/iiif/1245837/R0000029	3694	622	250	290
T1_026_B42	https://www.dl.ndl.go.jp/api/iiif/1245837/R0000029	3652	2418	270	340
T1_026_B51	https://www.dl.ndl.go.jp/api/iiif/1245837/R0000029	3370	622	230	220
T1_026_B52	https://www.dl.ndl.go.jp/api/iiif/1245837/R0000029	3338	2414	250	320
T1_026_B61	https://www.dl.ndl.go.jp/api/iiif/1245837/R0000029	3032	598	300	300
T1_026_B62	https://www.dl.ndl.go.jp/api/iiif/1245837/R0000029	3026	2444	250	270
T1_027_A11	https://www.dl.ndl.go.jp/api/iiif/1245837/R0000029	2102	626	280	320
T1_027_A12	https://www.dl.ndl.go.jp/api/iiif/1245837/R0000029	2096	2424	280	350
T1_027_A21	https://www.dl.ndl.go.jp/api/iiif/1245837/R0000029	1792	634	260	360
T1_027_A23	https://www.dl.ndl.go.jp/api/iiif/1245837/R0000029	1784	2442	260	310
T1_027_A31	https://www.dl.ndl.go.jp/api/iiif/1245837/R0000029	1472	612	290	410
T1_027_A32	https://www.dl.ndl.go.jp/api/iiif/1245837/R0000029	1464	2466	270	330
T1_027_A41	https://www.dl.ndl.go.jp/api/iiif/1245837/R0000029	1162	618	260	310
T1_027_A43	https://www.dl.ndl.go.jp/api/iiif/1245837/R0000029	1160	2454	270	360
T1_027_A51	https://www.dl.ndl.go.jp/api/iiif/1245837/R0000029	828	614	300	340
T1_027_A52	https://www.dl.ndl.go.jp/api/iiif/1245837/R0000029	846	2430	260	310
T1_027_A61	https://www.dl.ndl.go.jp/api/iiif/1245837/R0000029	530	614	280	420
T1_027_A62	https://www.dl.ndl.go.jp/api/iiif/1245837/R0000029	534	2440	260	310
T1_027_B11	https://www.dl.ndl.go.jp/api/iiif/1245837/R0000030	4486	624	240	290
T1_027_B13	https://www.dl.ndl.go.jp/api/iiif/1245837/R0000030	4532	2414	270	330
T1_027_B21	https://www.dl.ndl.go.jp/api/iiif/1245837/R0000030	4166	622	260	310
T1_027_B23	https://www.dl.ndl.go.jp/api/iiif/1245837/R0000030	4208	2434	250	320
T1_027_B31	https://www.dl.ndl.go.jp/api/iiif/1245837/R0000030	3876	618	230	340
T1_027_B32	https://www.dl.ndl.go.jp/api/iiif/1245837/R0000030	3886	2414	250	360
T1_027_B41	https://www.dl.ndl.go.jp/api/iiif/1245837/R0000030	3556	624	290	290
T1_027_B42	https://www.dl.ndl.go.jp/api/iiif/1245837/R0000030	3608	2420	250	320
T1_027_B51	https://www.dl.ndl.go.jp/api/iiif/1245837/R0000030	3224	630	280	320
T1_027_B52	https://www.dl.ndl.go.jp/api/iiif/1245837/R0000030	3268	2412	240	320
T1_027_B61	https://www.dl.ndl.go.jp/api/iiif/1245837/R0000030	2942	636	260	350
T1_027_B62	https://www.dl.ndl.go.jp/api/iiif/1245837/R0000030	2970	2438	270	340
T1_028_A11	https://www.dl.ndl.go.jp/api/iiif/1245837/R0000030	2006	582	280	330
T1_028_A12	https://www.dl.ndl.go.jp/api/iiif/1245837/R0000030	2074	2396	230	290
T1_028_A21	https://www.dl.ndl.go.jp/api/iiif/1245837/R0000030	1694	594	240	280
T1_028_A22	https://www.dl.ndl.go.jp/api/iiif/1245837/R0000030	1716	2406	310	290
T1_028_A31	https://www.dl.ndl.go.jp/api/iiif/1245837/R0000030	1374	608	260	260
T1_028_A33	https://www.dl.ndl.go.jp/api/iiif/1245837/R0000030	1398	2412	280	310
T1_028_A41	https://www.dl.ndl.go.jp/api/iiif/1245837/R0000030	1066	610	310	310
T1_028_A43	https://www.dl.ndl.go.jp/api/iiif/1245837/R0000030	1112	2424	270	380
T1_028_A51	https://www.dl.ndl.go.jp/api/iiif/1245837/R0000030	766	620	260	320
T1_028_A52	https://www.dl.ndl.go.jp/api/iiif/1245837/R0000030	794	2430	270	260
T1_028_A61	https://www.dl.ndl.go.jp/api/iiif/1245837/R0000030	476	628	290	310
T1_028_A63	https://www.dl.ndl.go.jp/api/iiif/1245837/R0000030	500	2460	250	270
T1_028_B11	https://www.dl.ndl.go.jp/api/iiif/1245837/R0000031	4416	608	280	260
T1_028_B12	https://www.dl.ndl.go.jp/api/iiif/1245837/R0000031	4460	2412	290	380
T1_028_B21	https://www.dl.ndl.go.jp/api/iiif/1245837/R0000031	4128	606	260	240
T1_028_B23	https://www.dl.ndl.go.jp/api/iiif/1245837/R0000031	4170	2438	260	260
T1_028_B31	https://www.dl.ndl.go.jp/api/iiif/1245837/R0000031	3844	614	250	260
T1_028_B32	https://www.dl.ndl.go.jp/api/iiif/1245837/R0000031	3890	2422	220	210
T1_028_B41	https://www.dl.ndl.go.jp/api/iiif/1245837/R0000031	3526	640	270	300
T1_028_B42	https://www.dl.ndl.go.jp/api/iiif/1245837/R0000031	3554	2416	260	320
T1_028_B51	https://www.dl.ndl.go.jp/api/iiif/1245837/R0000031	3204	636	260	260
T1_028_B52	https://www.dl.ndl.go.jp/api/iiif/1245837/R0000031	3228	2418	280	390
T1_028_B61	https://www.dl.ndl.go.jp/api/iiif/1245837/R0000031	2890	624	270	350
T1_028_B63	https://www.dl.ndl.go.jp/api/iiif/1245837/R0000031	2926	2440	240	320
T1_029_A21	https://www.dl.ndl.go.jp/api/iiif/1245837/R0000031	1772	648	280	280
T1_029_A24	https://www.dl.ndl.go.jp/api/iiif/1245837/R0000031	1774	2438	270	260
T1_029_A31	https://www.dl.ndl.go.jp/api/iiif/1245837/R0000031	1434	648	290	320
T1_029_A32	https://www.dl.ndl.go.jp/api/iiif/1245837/R0000031	1420	2440	290	370
T1_029_A51	https://www.dl.ndl.go.jp/api/iiif/1245837/R0000031	842	634	240	300
T1_029_A61	https://www.dl.ndl.go.jp/api/iiif/1245837/R0000031	548	632	250	280
T1_029_B11	https://www.dl.ndl.go.jp/api/iiif/1245837/R0000032	4514	632	250	390
T1_029_B13	https://www.dl.ndl.go.jp/api/iiif/1245837/R0000032	4520	2426	270	330
T1_029_B21	https://www.dl.ndl.go.jp/api/iiif/1245837/R0000032	4198	636	270	320
T1_029_B22	https://www.dl.ndl.go.jp/api/iiif/1245837/R0000032	4208	2428	260	380
T1_029_B31	https://www.dl.ndl.go.jp/api/iiif/1245837/R0000032	3892	648	280	380
T1_029_B32	https://www.dl.ndl.go.jp/api/iiif/1245837/R0000032	3904	2422	280	380
T1_029_B41	https://www.dl.ndl.go.jp/api/iiif/1245837/R0000032	3584	658	300	450
T1_029_B42	https://www.dl.ndl.go.jp/api/iiif/1245837/R0000032	3604	2424	250	350
T1_029_B51	https://www.dl.ndl.go.jp/api/iiif/1245837/R0000032	3286	656	240	280
T1_029_B52	https://www.dl.ndl.go.jp/api/iiif/1245837/R0000032	3294	2450	270	430
T1_029_B61	https://www.dl.ndl.go.jp/api/iiif/1245837/R0000032	2968	644	200	260
T1_029_B62	https://www.dl.ndl.go.jp/api/iiif/1245837/R0000032	2980	2456	290	360
T1_030_A11	https://www.dl.ndl.go.jp/api/iiif/1245837/R0000032	2152	598	230	240
T1_030_A12	https://www.dl.ndl.go.jp/api/iiif/1245837/R0000032	2110	2398	240	230
T1_030_A21	https://www.dl.ndl.go.jp/api/iiif/1245837/R0000032	1824	594	270	440
T1_030_A22	https://www.dl.ndl.go.jp/api/iiif/1245837/R0000032	1808	2392	250	310
T1_030_A31	https://www.dl.ndl.go.jp/api/iiif/1245837/R0000032	1530	594	230	260
T1_030_A32	https://www.dl.ndl.go.jp/api/iiif/1245837/R0000032	1504	2376	230	390
T1_030_A41	https://www.dl.ndl.go.jp/api/iiif/1245837/R0000032	1218	594	270	420
T1_030_A42	https://www.dl.ndl.go.jp/api/iiif/1245837/R0000032	1176	2382	280	400
T1_030_A51	https://www.dl.ndl.go.jp/api/iiif/1245837/R0000032	898	596	250	330
T1_030_A52	https://www.dl.ndl.go.jp/api/iiif/1245837/R0000032	894	2406	240	320
T1_030_A61	https://www.dl.ndl.go.jp/api/iiif/1245837/R0000032	606	606	250	350
T1_030_A63	https://www.dl.ndl.go.jp/api/iiif/1245837/R0000032	580	2396	240	410
T1_030_B11	https://www.dl.ndl.go.jp/api/iiif/1245837/R0000033	4538	604	250	370
T1_030_B12	https://www.dl.ndl.go.jp/api/iiif/1245837/R0000033	4542	2414	220	360
T1_030_B21	https://www.dl.ndl.go.jp/api/iiif/1245837/R0000033	4236	606	230	290
T1_030_B22	https://www.dl.ndl.go.jp/api/iiif/1245837/R0000033	4230	2426	240	400
T1_030_B33	https://www.dl.ndl.go.jp/api/iiif/1245837/R0000033	3906	2420	230	320
T1_030_B41	https://www.dl.ndl.go.jp/api/iiif/1245837/R0000033	3658	608	190	310
T1_030_B42	https://www.dl.ndl.go.jp/api/iiif/1245837/R0000033	3606	2398	240	310
T1_030_B51	https://www.dl.ndl.go.jp/api/iiif/1245837/R0000033	3304	596	270	400
T1_030_B52	https://www.dl.ndl.go.jp/api/iiif/1245837/R0000033	3300	2396	230	340
T1_030_B61	https://www.dl.ndl.go.jp/api/iiif/1245837/R0000033	2992	602	270	420
T1_030_B63	https://www.dl.ndl.go.jp/api/iiif/1245837/R0000033	2984	2404	220	300
T1_031_A11	https://www.dl.ndl.go.jp/api/iiif/1245837/R0000033	2136	634	230	330
T1_031_A15	https://www.dl.ndl.go.jp/api/iiif/1245837/R0000033	2092	2456	240	320
T1_031_A21	https://www.dl.ndl.go.jp/api/iiif/1245837/R0000033	1816	646	260	320
T1_031_A22	https://www.dl.ndl.go.jp/api/iiif/1245837/R0000033	1780	2450	260	270
T1_031_A31	https://www.dl.ndl.go.jp/api/iiif/1245837/R0000033	1486	640	270	290
T1_031_A34	https://www.dl.ndl.go.jp/api/iiif/1245837/R0000033	1472	2460	240	310
T1_031_A41	https://www.dl.ndl.go.jp/api/iiif/1245837/R0000033	1188	614	280	370
T1_031_A43	https://www.dl.ndl.go.jp/api/iiif/1245837/R0000033	1154	2446	270	330
T1_031_A51	https://www.dl.ndl.go.jp/api/iiif/1245837/R0000033	880	644	260	380
T1_031_A52	https://www.dl.ndl.go.jp/api/iiif/1245837/R0000033	860	2432	220	290
T1_031_A61	https://www.dl.ndl.go.jp/api/iiif/1245837/R0000033	564	632	260	300
T1_031_A62	https://www.dl.ndl.go.jp/api/iiif/1245837/R0000033	550	2408	240	300
T1_031_B11	https://www.dl.ndl.go.jp/api/iiif/1245837/R0000034	4506	628	250	430
T1_031_B13	https://www.dl.ndl.go.jp/api/iiif/1245837/R0000034	4492	2444	270	400
T1_031_B21	https://www.dl.ndl.go.jp/api/iiif/1245837/R0000034	4210	632	220	250
T1_031_B22	https://www.dl.ndl.go.jp/api/iiif/1245837/R0000034	4206	2452	250	320
T1_031_B31	https://www.dl.ndl.go.jp/api/iiif/1245837/R0000034	3890	624	260	310
T1_031_B32	https://www.dl.ndl.go.jp/api/iiif/1245837/R0000034	3870	2430	230	410
T1_031_B41	https://www.dl.ndl.go.jp/api/iiif/1245837/R0000034	3570	614	270	370
T1_031_B42	https://www.dl.ndl.go.jp/api/iiif/1245837/R0000034	3554	2428	260	290
T1_031_B51	https://www.dl.ndl.go.jp/api/iiif/1245837/R0000034	3258	598	270	360
T1_031_B52	https://www.dl.ndl.go.jp/api/iiif/1245837/R0000034	3234	2444	250	310
T1_031_B61	https://www.dl.ndl.go.jp/api/iiif/1245837/R0000034	2954	638	230	320
T1_031_B62	https://www.dl.ndl.go.jp/api/iiif/1245837/R0000034	2946	2432	240	290
T1_032_A11	https://www.dl.ndl.go.jp/api/iiif/1245837/R0000034	2184	626	240	240
T1_032_A12	https://www.dl.ndl.go.jp/api/iiif/1245837/R0000034	2128	2390	250	310
T1_032_A21	https://www.dl.ndl.go.jp/api/iiif/1245837/R0000034	1856	614	280	300
T1_032_A22	https://www.dl.ndl.go.jp/api/iiif/1245837/R0000034	1828	2398	280	320
T1_032_A31	https://www.dl.ndl.go.jp/api/iiif/1245837/R0000034	1554	594	260	400
T1_032_A32	https://www.dl.ndl.go.jp/api/iiif/1245837/R0000034	1514	2404	220	300
T1_032_A41	https://www.dl.ndl.go.jp/api/iiif/1245837/R0000034	1258	588	260	360
T1_032_A42	https://www.dl.ndl.go.jp/api/iiif/1245837/R0000034	1194	2412	260	350
T1_032_A51	https://www.dl.ndl.go.jp/api/iiif/1245837/R0000034	916	606	310	390
T1_032_A52	https://www.dl.ndl.go.jp/api/iiif/1245837/R0000034	880	2418	250	360
T1_032_A61	https://www.dl.ndl.go.jp/api/iiif/1245837/R0000034	616	612	280	360
T1_032_A62	https://www.dl.ndl.go.jp/api/iiif/1245837/R0000034	578	2406	250	300
T1_032_B11	https://www.dl.ndl.go.jp/api/iiif/1245837/R0000035	4510	622	260	310
T1_032_B12	https://www.dl.ndl.go.jp/api/iiif/1245837/R0000035	4496	2414	250	300
T1_032_B21	https://www.dl.ndl.go.jp/api/iiif/1245837/R0000035	4192	622	270	290
T1_032_B22	https://www.dl.ndl.go.jp/api/iiif/1245837/R0000035	4214	2412	210	280
T1_032_B31	https://www.dl.ndl.go.jp/api/iiif/1245837/R0000035	3896	604	280	320
T1_032_B32	https://www.dl.ndl.go.jp/api/iiif/1245837/R0000035	3912	2416	250	300
T1_032_B41	https://www.dl.ndl.go.jp/api/iiif/1245837/R0000035	3582	598	240	340
T1_032_B42	https://www.dl.ndl.go.jp/api/iiif/1245837/R0000035	3566	2414	270	370
T1_032_B51	https://www.dl.ndl.go.jp/api/iiif/1245837/R0000035	3280	582	260	340
T1_032_B53	https://www.dl.ndl.go.jp/api/iiif/1245837/R0000035	3284	2394	260	290
T1_032_B61	https://www.dl.ndl.go.jp/api/iiif/1245837/R0000035	2966	592	250	340
T1_032_B62	https://www.dl.ndl.go.jp/api/iiif/1245837/R0000035	2966	2378	290	310
T1_033_A11	https://www.dl.ndl.go.jp/api/iiif/1245837/R0000035	2134	592	290	300
T1_033_A12	https://www.dl.ndl.go.jp/api/iiif/1245837/R0000035	2124	2386	250	310
T1_033_A21	https://www.dl.ndl.go.jp/api/iiif/1245837/R0000035	1816	602	260	320
T1_033_A23	https://www.dl.ndl.go.jp/api/iiif/1245837/R0000035	1804	2404	240	340
T1_033_A31	https://www.dl.ndl.go.jp/api/iiif/1245837/R0000035	1494	598	270	420
T1_033_A32	https://www.dl.ndl.go.jp/api/iiif/1245837/R0000035	1478	2396	230	330
T1_033_A41	https://www.dl.ndl.go.jp/api/iiif/1245837/R0000035	1206	598	260	340
T1_033_A42	https://www.dl.ndl.go.jp/api/iiif/1245837/R0000035	1186	2392	250	340
T1_033_A51	https://www.dl.ndl.go.jp/api/iiif/1245837/R0000035	896	580	240	420
T1_033_A52	https://www.dl.ndl.go.jp/api/iiif/1245837/R0000035	866	2388	230	370
T1_033_A61	https://www.dl.ndl.go.jp/api/iiif/1245837/R0000035	602	600	270	340
T1_033_A62	https://www.dl.ndl.go.jp/api/iiif/1245837/R0000035	560	2382	250	270
T1_033_B11	https://www.dl.ndl.go.jp/api/iiif/1245837/R0000036	4452	600	250	360
T1_033_B12	https://www.dl.ndl.go.jp/api/iiif/1245837/R0000036	4456	2406	280	390
T1_033_B21	https://www.dl.ndl.go.jp/api/iiif/1245837/R0000036	4126	590	280	380
T1_033_B22	https://www.dl.ndl.go.jp/api/iiif/1245837/R0000036	4152	2394	270	360
T1_033_B31	https://www.dl.ndl.go.jp/api/iiif/1245837/R0000036	3832	590	290	350
T1_033_B32	https://www.dl.ndl.go.jp/api/iiif/1245837/R0000036	3838	2398	250	330
T1_033_B41	https://www.dl.ndl.go.jp/api/iiif/1245837/R0000036	3516	580	260	350
T1_033_B42	https://www.dl.ndl.go.jp/api/iiif/1245837/R0000036	3536	2418	260	300
T1_033_B51	https://www.dl.ndl.go.jp/api/iiif/1245837/R0000036	3192	568	290	360
T1_033_B52	https://www.dl.ndl.go.jp/api/iiif/1245837/R0000036	3200	2404	270	240
T1_033_B61	https://www.dl.ndl.go.jp/api/iiif/1245837/R0000036	2930	572	260	360
T1_033_B62	https://www.dl.ndl.go.jp/api/iiif/1245837/R0000036	2874	2382	290	380
T1_034_A11	https://www.dl.ndl.go.jp/api/iiif/1245837/R0000036	2092	598	280	320
T1_034_A12	https://www.dl.ndl.go.jp/api/iiif/1245837/R0000036	2092	2414	250	230
T1_034_A21	https://www.dl.ndl.go.jp/api/iiif/1245837/R0000036	1764	594	280	260
T1_034_A22	https://www.dl.ndl.go.jp/api/iiif/1245837/R0000036	1774	2402	260	390
T1_034_A31	https://www.dl.ndl.go.jp/api/iiif/1245837/R0000036	1460	590	290	330
T1_034_A32	https://www.dl.ndl.go.jp/api/iiif/1245837/R0000036	1480	2400	270	350
T1_034_A41	https://www.dl.ndl.go.jp/api/iiif/1245837/R0000036	1134	594	310	390
T1_034_A43	https://www.dl.ndl.go.jp/api/iiif/1245837/R0000036	1200	2418	200	260
T1_034_A51	https://www.dl.ndl.go.jp/api/iiif/1245837/R0000036	844	602	280	390
T1_034_A52	https://www.dl.ndl.go.jp/api/iiif/1245837/R0000036	844	2434	250	420
T1_034_A61	https://www.dl.ndl.go.jp/api/iiif/1245837/R0000036	538	610	260	270
T1_034_A62	https://www.dl.ndl.go.jp/api/iiif/1245837/R0000036	552	2424	260	340
T1_034_B11	https://www.dl.ndl.go.jp/api/iiif/1245837/R0000037	4464	632	250	380
T1_034_B12	https://www.dl.ndl.go.jp/api/iiif/1245837/R0000037	4458	2440	240	350
T1_034_B21	https://www.dl.ndl.go.jp/api/iiif/1245837/R0000037	4148	628	270	400
T1_034_B22	https://www.dl.ndl.go.jp/api/iiif/1245837/R0000037	4126	2444	260	370
T1_034_B31	https://www.dl.ndl.go.jp/api/iiif/1245837/R0000037	3838	612	290	320
T1_034_B32	https://www.dl.ndl.go.jp/api/iiif/1245837/R0000037	3844	2444	230	340
T1_034_B41	https://www.dl.ndl.go.jp/api/iiif/1245837/R0000037	3526	612	280	310
T1_034_B42	https://www.dl.ndl.go.jp/api/iiif/1245837/R0000037	3524	2448	280	400
T1_034_B51	https://www.dl.ndl.go.jp/api/iiif/1245837/R0000037	3218	620	280	330
T1_034_B52	https://www.dl.ndl.go.jp/api/iiif/1245837/R0000037	3226	2428	270	340
T1_034_B61	https://www.dl.ndl.go.jp/api/iiif/1245837/R0000037	2906	614	280	390
T1_034_B63	https://www.dl.ndl.go.jp/api/iiif/1245837/R0000037	2904	2430	250	290
T1_035_A11	https://www.dl.ndl.go.jp/api/iiif/1245837/R0000037	2122	600	270	340
T1_035_A12	https://www.dl.ndl.go.jp/api/iiif/1245837/R0000037	2116	2400	320	340
T1_035_A21	https://www.dl.ndl.go.jp/api/iiif/1245837/R0000037	1822	588	240	380
T1_035_A22	https://www.dl.ndl.go.jp/api/iiif/1245837/R0000037	1822	2400	280	370
T1_035_A31	https://www.dl.ndl.go.jp/api/iiif/1245837/R0000037	1508	592	260	340
T1_035_A33	https://www.dl.ndl.go.jp/api/iiif/1245837/R0000037	1496	2412	270	340
T1_035_A41	https://www.dl.ndl.go.jp/api/iiif/1245837/R0000037	1218	584	280	360
T1_035_A43	https://www.dl.ndl.go.jp/api/iiif/1245837/R0000037	1184	2416	270	320
T1_035_A51	https://www.dl.ndl.go.jp/api/iiif/1245837/R0000037	912	596	260	360
T1_035_A53	https://www.dl.ndl.go.jp/api/iiif/1245837/R0000037	888	2406	290	300
T1_035_A61	https://www.dl.ndl.go.jp/api/iiif/1245837/R0000037	602	594	260	280
T1_035_A63	https://www.dl.ndl.go.jp/api/iiif/1245837/R0000037	554	2404	290	350
T1_035_B11	https://www.dl.ndl.go.jp/api/iiif/1245837/R0000038	4434	612	290	300
T1_035_B13	https://www.dl.ndl.go.jp/api/iiif/1245837/R0000038	4442	2426	280	300
T1_035_B21	https://www.dl.ndl.go.jp/api/iiif/1245837/R0000038	4134	598	260	380
T1_035_B22	https://www.dl.ndl.go.jp/api/iiif/1245837/R0000038	4128	2424	310	320
T1_035_B31	https://www.dl.ndl.go.jp/api/iiif/1245837/R0000038	3852	600	250	350
T1_035_B32	https://www.dl.ndl.go.jp/api/iiif/1245837/R0000038	3830	2416	280	330
T1_035_B41	https://www.dl.ndl.go.jp/api/iiif/1245837/R0000038	3554	592	300	360
T1_035_B42	https://www.dl.ndl.go.jp/api/iiif/1245837/R0000038	3502	2426	290	350
T1_035_B51	https://www.dl.ndl.go.jp/api/iiif/1245837/R0000038	3240	598	230	370
T1_035_B52	https://www.dl.ndl.go.jp/api/iiif/1245837/R0000038	3200	2412	270	330
T1_035_B61	https://www.dl.ndl.go.jp/api/iiif/1245837/R0000038	2908	628	290	290
T1_035_B62	https://www.dl.ndl.go.jp/api/iiif/1245837/R0000038	2896	2430	290	310
T1_036_A11	https://www.dl.ndl.go.jp/api/iiif/1245837/R0000038	2126	604	290	290
T1_036_A13	https://www.dl.ndl.go.jp/api/iiif/1245837/R0000038	2136	2436	270	310
T1_036_A21	https://www.dl.ndl.go.jp/api/iiif/1245837/R0000038	1798	598	280	280
T1_036_A41	https://www.dl.ndl.go.jp/api/iiif/1245837/R0000038	1192	616	270	300
T1_036_A42	https://www.dl.ndl.go.jp/api/iiif/1245837/R0000038	1156	2446	290	340
T1_036_A51	https://www.dl.ndl.go.jp/api/iiif/1245837/R0000038	876	600	270	330
T1_036_A61	https://www.dl.ndl.go.jp/api/iiif/1245837/R0000038	600	608	210	330
T1_036_A63	https://www.dl.ndl.go.jp/api/iiif/1245837/R0000038	560	2428	250	270
T1_036_B11	https://www.dl.ndl.go.jp/api/iiif/1245837/R0000039	4430	628	230	390
T1_036_B12	https://www.dl.ndl.go.jp/api/iiif/1245837/R0000039	4432	2436	250	370
T1_036_B22	https://www.dl.ndl.go.jp/api/iiif/1245837/R0000039	4126	2416	280	410
T1_036_B31	https://www.dl.ndl.go.jp/api/iiif/1245837/R0000039	3822	602	230	340
T1_036_B32	https://www.dl.ndl.go.jp/api/iiif/1245837/R0000039	3812	2434	260	360
T1_036_B32_2	https://www.dl.ndl.go.jp/api/iiif/1245837/R0000039	3770	1634	188	176
T1_036_B41	https://www.dl.ndl.go.jp/api/iiif/1245837/R0000039	3502	620	240	370
T1_036_B42	https://www.dl.ndl.go.jp/api/iiif/1245837/R0000039	3496	2442	270	400
T1_036_B51	https://www.dl.ndl.go.jp/api/iiif/1245837/R0000039	3180	604	300	350
T1_036_B53	https://www.dl.ndl.go.jp/api/iiif/1245837/R0000039	3186	2410	260	400
T1_036_B61	https://www.dl.ndl.go.jp/api/iiif/1245837/R0000039	2882	616	270	400
T1_036_B63	https://www.dl.ndl.go.jp/api/iiif/1245837/R0000039	2862	2432	300	300
T1_037_A11	https://www.dl.ndl.go.jp/api/iiif/1245837/R0000039	2156	596	280	320
T1_037_A13	https://www.dl.ndl.go.jp/api/iiif/1245837/R0000039	2128	2358	300	320
T1_037_A31	https://www.dl.ndl.go.jp/api/iiif/1245837/R0000039	1516	588	280	350
T1_037_A32	https://www.dl.ndl.go.jp/api/iiif/1245837/R0000039	1510	2378	250	310
T1_037_A41	https://www.dl.ndl.go.jp/api/iiif/1245837/R0000039	1216	574	260	350
T1_037_A42	https://www.dl.ndl.go.jp/api/iiif/1245837/R0000039	1164	2400	300	350
T1_037_A51	https://www.dl.ndl.go.jp/api/iiif/1245837/R0000039	898	586	270	310
T1_037_A52	https://www.dl.ndl.go.jp/api/iiif/1245837/R0000039	866	2394	250	250
T1_037_A61	https://www.dl.ndl.go.jp/api/iiif/1245837/R0000039	596	596	270	260
T1_037_A62	https://www.dl.ndl.go.jp/api/iiif/1245837/R0000039	574	2390	260	320
T1_037_B11	https://www.dl.ndl.go.jp/api/iiif/1245837/R0000040	4460	604	280	380
T1_037_B12	https://www.dl.ndl.go.jp/api/iiif/1245837/R0000040	4448	2420	290	410
T1_037_B21	https://www.dl.ndl.go.jp/api/iiif/1245837/R0000040	4144	604	260	370
T1_037_B22	https://www.dl.ndl.go.jp/api/iiif/1245837/R0000040	4114	2406	290	430
T1_037_B31	https://www.dl.ndl.go.jp/api/iiif/1245837/R0000040	3822	578	280	320
T1_037_B41	https://www.dl.ndl.go.jp/api/iiif/1245837/R0000040	3520	566	250	330
T1_037_B51	https://www.dl.ndl.go.jp/api/iiif/1245837/R0000040	3176	584	310	310
T1_037_B52	https://www.dl.ndl.go.jp/api/iiif/1245837/R0000040	3198	2398	270	280
T1_038_A11	https://www.dl.ndl.go.jp/api/iiif/1245837/R0000040	2206	628	230	460
T1_038_A15	https://www.dl.ndl.go.jp/api/iiif/1245837/R0000040	2176	2458	270	420
T1_038_A41	https://www.dl.ndl.go.jp/api/iiif/1245837/R0000040	1270	628	240	260
T1_038_A41_2	https://www.dl.ndl.go.jp/api/iiif/1245837/R0000040	1260	872	260	330
T1_038_A42	https://www.dl.ndl.go.jp/api/iiif/1245837/R0000040	1254	2468	230	360
T1_038_A51	https://www.dl.ndl.go.jp/api/iiif/1245837/R0000040	980	632	230	180
T1_038_A53	https://www.dl.ndl.go.jp/api/iiif/1245837/R0000040	920	2432	280	320
T1_038_A61	https://www.dl.ndl.go.jp/api/iiif/1245837/R0000040	670	630	250	290
T1_038_A64	https://www.dl.ndl.go.jp/api/iiif/1245837/R0000040	606	2462	250	380
T1_038_B11	https://www.dl.ndl.go.jp/api/iiif/1245837/R0000041	4414	624	270	340
T1_038_B12	https://www.dl.ndl.go.jp/api/iiif/1245837/R0000041	4440	2390	250	330
T1_038_B21	https://www.dl.ndl.go.jp/api/iiif/1245837/R0000041	4138	630	240	370
T1_038_B23	https://www.dl.ndl.go.jp/api/iiif/1245837/R0000041	4134	2406	250	240
T1_038_B31	https://www.dl.ndl.go.jp/api/iiif/1245837/R0000041	3832	626	290	310
T1_038_B33	https://www.dl.ndl.go.jp/api/iiif/1245837/R0000041	3826	2436	240	300
T1_038_B41	https://www.dl.ndl.go.jp/api/iiif/1245837/R0000041	3524	604	250	240
T1_038_B42	https://www.dl.ndl.go.jp/api/iiif/1245837/R0000041	3500	2408	250	240
T1_038_B51	https://www.dl.ndl.go.jp/api/iiif/1245837/R0000041	3198	586	270	270
T1_038_B53	https://www.dl.ndl.go.jp/api/iiif/1245837/R0000041	3184	2410	260	300
T1_038_B61	https://www.dl.ndl.go.jp/api/iiif/1245837/R0000041	2864	610	280	330
T1_038_B62	https://www.dl.ndl.go.jp/api/iiif/1245837/R0000041	2910	2400	230	290
T1_039_A11	https://www.dl.ndl.go.jp/api/iiif/1245837/R0000041	2186	604	270	440
T1_039_A12	https://www.dl.ndl.go.jp/api/iiif/1245837/R0000041	2150	2400	240	370
T1_039_A21	https://www.dl.ndl.go.jp/api/iiif/1245837/R0000041	1862	602	270	370
T1_039_A22	https://www.dl.ndl.go.jp/api/iiif/1245837/R0000041	1850	2426	270	350
T1_039_A31	https://www.dl.ndl.go.jp/api/iiif/1245837/R0000041	1538	588	250	310
T1_039_A32	https://www.dl.ndl.go.jp/api/iiif/1245837/R0000041	1520	2418	280	350
T1_039_A42	https://www.dl.ndl.go.jp/api/iiif/1245837/R0000041	1214	2392	260	300
T1_039_A51	https://www.dl.ndl.go.jp/api/iiif/1245837/R0000041	936	598	280	310
T1_039_A52	https://www.dl.ndl.go.jp/api/iiif/1245837/R0000041	890	2394	270	270
T1_039_A61	https://www.dl.ndl.go.jp/api/iiif/1245837/R0000041	628	614	290	320
T1_039_A62	https://www.dl.ndl.go.jp/api/iiif/1245837/R0000041	592	2396	230	290
T1_039_B11	https://www.dl.ndl.go.jp/api/iiif/1245837/R0000042	4424	588	230	370
T1_039_B12	https://www.dl.ndl.go.jp/api/iiif/1245837/R0000042	4430	2398	260	290
T1_039_B21	https://www.dl.ndl.go.jp/api/iiif/1245837/R0000042	4096	578	270	320
T1_039_B22	https://www.dl.ndl.go.jp/api/iiif/1245837/R0000042	4122	2380	250	310
T1_039_B31	https://www.dl.ndl.go.jp/api/iiif/1245837/R0000042	3804	602	250	300
T1_039_B32	https://www.dl.ndl.go.jp/api/iiif/1245837/R0000042	3804	2388	270	350
T1_039_B41	https://www.dl.ndl.go.jp/api/iiif/1245837/R0000042	3484	598	280	260
T1_039_B42	https://www.dl.ndl.go.jp/api/iiif/1245837/R0000042	3554	2390	220	350
T1_039_B51	https://www.dl.ndl.go.jp/api/iiif/1245837/R0000042	3164	606	270	340
T1_039_B52	https://www.dl.ndl.go.jp/api/iiif/1245837/R0000042	3202	2390	260	410
T1_039_B61	https://www.dl.ndl.go.jp/api/iiif/1245837/R0000042	2864	612	280	340
T1_039_B62	https://www.dl.ndl.go.jp/api/iiif/1245837/R0000042	2884	2410	290	360
T1_040_A11	https://www.dl.ndl.go.jp/api/iiif/1245837/R0000042	2106	626	290	430
T1_040_A12	https://www.dl.ndl.go.jp/api/iiif/1245837/R0000042	2116	2436	270	240
T1_040_A21	https://www.dl.ndl.go.jp/api/iiif/1245837/R0000042	1798	624	280	370
T1_040_A22	https://www.dl.ndl.go.jp/api/iiif/1245837/R0000042	1840	2448	240	350
T2_001_A11	https://www.dl.ndl.go.jp/api/iiif/1245843/R0000003	2042	650	280	380
T2_001_A21	https://www.dl.ndl.go.jp/api/iiif/1245843/R0000003	1724	654	300	460
T2_001_B11	https://www.dl.ndl.go.jp/api/iiif/1245843/R0000004	4860	646	300	340
T2_001_B41	https://www.dl.ndl.go.jp/api/iiif/1245843/R0000004	3958	646	220	460
T2_001_B43	https://www.dl.ndl.go.jp/api/iiif/1245843/R0000004	3964	2462	240	370
T2_001_B51	https://www.dl.ndl.go.jp/api/iiif/1245843/R0000004	3596	672	300	410
T2_001_B61	https://www.dl.ndl.go.jp/api/iiif/1245843/R0000004	3340	686	260	260
T2_001_B62	https://www.dl.ndl.go.jp/api/iiif/1245843/R0000004	3340	2474	340	410
T2_002_A11	https://www.dl.ndl.go.jp/api/iiif/1245843/R0000004	2140	656	290	360
T2_002_A12	https://www.dl.ndl.go.jp/api/iiif/1245843/R0000004	2134	2448	220	440
T2_002_A21	https://www.dl.ndl.go.jp/api/iiif/1245843/R0000004	1792	644	320	420
T2_002_A22	https://www.dl.ndl.go.jp/api/iiif/1245843/R0000004	1766	2454	340	480
T2_002_A31	https://www.dl.ndl.go.jp/api/iiif/1245843/R0000004	1488	664	280	460
T2_002_A41	https://www.dl.ndl.go.jp/api/iiif/1245843/R0000004	1182	654	290	320
T2_002_A42	https://www.dl.ndl.go.jp/api/iiif/1245843/R0000004	1170	2450	300	380
T2_002_A51	https://www.dl.ndl.go.jp/api/iiif/1245843/R0000004	850	664	300	390
T2_002_A52	https://www.dl.ndl.go.jp/api/iiif/1245843/R0000004	836	2412	300	470
T2_002_A61	https://www.dl.ndl.go.jp/api/iiif/1245843/R0000004	548	660	310	390
T2_002_A62	https://www.dl.ndl.go.jp/api/iiif/1245843/R0000004	518	2404	320	460
T2_002_B11	https://www.dl.ndl.go.jp/api/iiif/1245843/R0000005	4764	648	330	410
T2_002_B12	https://www.dl.ndl.go.jp/api/iiif/1245843/R0000005	4800	2420	290	390
T2_002_B21	https://www.dl.ndl.go.jp/api/iiif/1245843/R0000005	4476	650	290	400
T2_002_B22	https://www.dl.ndl.go.jp/api/iiif/1245843/R0000005	4498	2426	290	350
T2_002_B31	https://www.dl.ndl.go.jp/api/iiif/1245843/R0000005	4152	644	290	440
T2_002_B32	https://www.dl.ndl.go.jp/api/iiif/1245843/R0000005	4220	2426	250	440
T2_002_B41	https://www.dl.ndl.go.jp/api/iiif/1245843/R0000005	3852	666	300	540
T2_002_B42	https://www.dl.ndl.go.jp/api/iiif/1245843/R0000005	3876	2432	300	410
T2_002_B51	https://www.dl.ndl.go.jp/api/iiif/1245843/R0000005	3524	658	310	440
T2_002_B52	https://www.dl.ndl.go.jp/api/iiif/1245843/R0000005	3560	2454	310	450
T2_002_B61	https://www.dl.ndl.go.jp/api/iiif/1245843/R0000005	3202	684	320	390
T2_002_B62	https://www.dl.ndl.go.jp/api/iiif/1245843/R0000005	3224	2464	330	450
T2_003_A11	https://www.dl.ndl.go.jp/api/iiif/1245843/R0000005	2070	642	310	430
T2_003_A12	https://www.dl.ndl.go.jp/api/iiif/1245843/R0000005	2086	2438	270	420
T2_003_A21	https://www.dl.ndl.go.jp/api/iiif/1245843/R0000005	1760	632	290	500
T2_003_A22	https://www.dl.ndl.go.jp/api/iiif/1245843/R0000005	1772	2436	290	480
T2_003_A31	https://www.dl.ndl.go.jp/api/iiif/1245843/R0000005	1432	632	330	470
T2_003_A32	https://www.dl.ndl.go.jp/api/iiif/1245843/R0000005	1450	2446	300	420
T2_003_A41	https://www.dl.ndl.go.jp/api/iiif/1245843/R0000005	1128	644	290	430
T2_003_A42	https://www.dl.ndl.go.jp/api/iiif/1245843/R0000005	1138	2428	320	470
T2_003_A51	https://www.dl.ndl.go.jp/api/iiif/1245843/R0000005	828	656	290	400
T2_003_A52	https://www.dl.ndl.go.jp/api/iiif/1245843/R0000005	832	2410	300	420
T2_003_A62	https://www.dl.ndl.go.jp/api/iiif/1245843/R0000005	534	2406	310	450
T2_003_B11	https://www.dl.ndl.go.jp/api/iiif/1245843/R0000006	4764	642	320	380
T2_003_B12	https://www.dl.ndl.go.jp/api/iiif/1245843/R0000006	4796	2412	270	390
T2_003_B21	https://www.dl.ndl.go.jp/api/iiif/1245843/R0000006	4446	630	300	390
T2_003_B22	https://www.dl.ndl.go.jp/api/iiif/1245843/R0000006	4480	2402	290	540
T2_003_B31	https://www.dl.ndl.go.jp/api/iiif/1245843/R0000006	4156	634	290	370
T2_003_B32	https://www.dl.ndl.go.jp/api/iiif/1245843/R0000006	4162	2428	320	390
T2_003_B41	https://www.dl.ndl.go.jp/api/iiif/1245843/R0000006	3830	646	290	420
T2_003_B42	https://www.dl.ndl.go.jp/api/iiif/1245843/R0000006	3868	2410	280	440
T2_003_B51	https://www.dl.ndl.go.jp/api/iiif/1245843/R0000006	3506	656	310	390
T2_003_B52	https://www.dl.ndl.go.jp/api/iiif/1245843/R0000006	3556	2430	300	400
T2_003_B61	https://www.dl.ndl.go.jp/api/iiif/1245843/R0000006	3270	664	240	380
T2_003_B62	https://www.dl.ndl.go.jp/api/iiif/1245843/R0000006	3242	2444	280	440
T2_004_A11	https://www.dl.ndl.go.jp/api/iiif/1245843/R0000006	2138	626	300	410
T2_004_A12	https://www.dl.ndl.go.jp/api/iiif/1245843/R0000006	2132	2434	290	430
T2_004_A21	https://www.dl.ndl.go.jp/api/iiif/1245843/R0000006	1798	650	320	470
T2_004_A22	https://www.dl.ndl.go.jp/api/iiif/1245843/R0000006	1792	2430	310	390
T2_004_A31	https://www.dl.ndl.go.jp/api/iiif/1245843/R0000006	1502	642	310	430
T2_004_A32	https://www.dl.ndl.go.jp/api/iiif/1245843/R0000006	1510	2436	290	420
T2_004_A41	https://www.dl.ndl.go.jp/api/iiif/1245843/R0000006	1196	640	280	440
T2_004_A42	https://www.dl.ndl.go.jp/api/iiif/1245843/R0000006	1190	2428	300	380
T2_004_A51	https://www.dl.ndl.go.jp/api/iiif/1245843/R0000006	870	668	300	370
T2_004_A52	https://www.dl.ndl.go.jp/api/iiif/1245843/R0000006	906	2420	250	460
T2_004_A61	https://www.dl.ndl.go.jp/api/iiif/1245843/R0000006	544	656	320	400
T2_004_A62	https://www.dl.ndl.go.jp/api/iiif/1245843/R0000006	576	2398	280	500
T2_004_B11	https://www.dl.ndl.go.jp/api/iiif/1245843/R0000007	4840	656	230	460
T2_004_B12	https://www.dl.ndl.go.jp/api/iiif/1245843/R0000007	4796	2406	290	450
T2_004_B21	https://www.dl.ndl.go.jp/api/iiif/1245843/R0000007	4476	662	290	390
T2_005_A31	https://www.dl.ndl.go.jp/api/iiif/1245843/R0000007	1490	648	230	370
T2_005_A32	https://www.dl.ndl.go.jp/api/iiif/1245843/R0000007	1506	2438	230	340
T2_005_A41	https://www.dl.ndl.go.jp/api/iiif/1245843/R0000007	1160	618	290	400
T2_005_A42	https://www.dl.ndl.go.jp/api/iiif/1245843/R0000007	1152	2400	290	420
T2_005_A51	https://www.dl.ndl.go.jp/api/iiif/1245843/R0000007	856	634	290	380
T2_005_A53	https://www.dl.ndl.go.jp/api/iiif/1245843/R0000007	810	2396	300	450
T2_005_A61	https://www.dl.ndl.go.jp/api/iiif/1245843/R0000007	526	632	310	450
T2_005_A62	https://www.dl.ndl.go.jp/api/iiif/1245843/R0000007	530	2398	290	420
T2_005_B11	https://www.dl.ndl.go.jp/api/iiif/1245843/R0000008	4686	626	330	430
T2_005_B12	https://www.dl.ndl.go.jp/api/iiif/1245843/R0000008	4738	2410	290	450
T2_005_B22	https://www.dl.ndl.go.jp/api/iiif/1245843/R0000008	4428	2412	300	410
T2_005_B31	https://www.dl.ndl.go.jp/api/iiif/1245843/R0000008	4062	650	320	420
T2_005_B32	https://www.dl.ndl.go.jp/api/iiif/1245843/R0000008	4120	2430	290	400
T2_005_B42	https://www.dl.ndl.go.jp/api/iiif/1245843/R0000008	3916	2776	230	300
T2_005_B51	https://www.dl.ndl.go.jp/api/iiif/1245843/R0000008	3434	650	350	430
T2_005_B52	https://www.dl.ndl.go.jp/api/iiif/1245843/R0000008	3480	2428	320	440
T2_005_B61	https://www.dl.ndl.go.jp/api/iiif/1245843/R0000008	3152	644	290	420
T2_005_B62	https://www.dl.ndl.go.jp/api/iiif/1245843/R0000008	3178	2476	320	460
T2_006_A11	https://www.dl.ndl.go.jp/api/iiif/1245843/R0000008	2126	658	300	400
T2_006_A12	https://www.dl.ndl.go.jp/api/iiif/1245843/R0000008	2140	2490	280	410
T2_006_A21	https://www.dl.ndl.go.jp/api/iiif/1245843/R0000008	1832	654	300	510
T2_006_A22	https://www.dl.ndl.go.jp/api/iiif/1245843/R0000008	1812	2440	300	500
T2_006_A31	https://www.dl.ndl.go.jp/api/iiif/1245843/R0000008	1530	662	270	350
T2_006_A32	https://www.dl.ndl.go.jp/api/iiif/1245843/R0000008	1474	2458	310	460
T2_006_A41	https://www.dl.ndl.go.jp/api/iiif/1245843/R0000008	1214	664	270	420
T2_006_A42	https://www.dl.ndl.go.jp/api/iiif/1245843/R0000008	1184	2438	290	440
T2_006_A51	https://www.dl.ndl.go.jp/api/iiif/1245843/R0000008	898	666	260	360
T2_006_A52	https://www.dl.ndl.go.jp/api/iiif/1245843/R0000008	820	2424	320	460
T2_006_A61	https://www.dl.ndl.go.jp/api/iiif/1245843/R0000008	590	662	280	420
T2_006_A62	https://www.dl.ndl.go.jp/api/iiif/1245843/R0000008	538	2426	280	510
T2_006_B11	https://www.dl.ndl.go.jp/api/iiif/1245843/R0000009	4768	674	300	420
T2_006_B12	https://www.dl.ndl.go.jp/api/iiif/1245843/R0000009	4706	2464	330	480
T2_006_B21	https://www.dl.ndl.go.jp/api/iiif/1245843/R0000009	4424	670	320	460
T2_006_B22	https://www.dl.ndl.go.jp/api/iiif/1245843/R0000009	4456	2462	260	360
T2_006_B31	https://www.dl.ndl.go.jp/api/iiif/1245843/R0000009	4138	660	300	410
T2_006_B32	https://www.dl.ndl.go.jp/api/iiif/1245843/R0000009	4138	2444	300	450
T2_006_B41	https://www.dl.ndl.go.jp/api/iiif/1245843/R0000009	3852	652	290	440
T2_006_B42	https://www.dl.ndl.go.jp/api/iiif/1245843/R0000009	3830	2460	250	420
T2_006_B51	https://www.dl.ndl.go.jp/api/iiif/1245843/R0000009	3502	648	330	490
T2_006_B52	https://www.dl.ndl.go.jp/api/iiif/1245843/R0000009	3500	2482	320	380
T2_006_B61	https://www.dl.ndl.go.jp/api/iiif/1245843/R0000009	3196	658	320	400
T2_007_A11	https://www.dl.ndl.go.jp/api/iiif/1245843/R0000009	2182	662	300	440
T2_007_A12	https://www.dl.ndl.go.jp/api/iiif/1245843/R0000009	2120	2450	310	450
T2_007_A21	https://www.dl.ndl.go.jp/api/iiif/1245843/R0000009	1852	644	310	380
T2_007_A22	https://www.dl.ndl.go.jp/api/iiif/1245843/R0000009	1830	2464	290	360
T2_007_A31	https://www.dl.ndl.go.jp/api/iiif/1245843/R0000009	1548	646	270	400
T2_007_A32	https://www.dl.ndl.go.jp/api/iiif/1245843/R0000009	1530	2442	240	380
T2_007_A41	https://www.dl.ndl.go.jp/api/iiif/1245843/R0000009	1244	648	260	450
T2_007_A42	https://www.dl.ndl.go.jp/api/iiif/1245843/R0000009	1238	2444	270	480
T2_007_A51	https://www.dl.ndl.go.jp/api/iiif/1245843/R0000009	904	632	320	410
T2_007_A52	https://www.dl.ndl.go.jp/api/iiif/1245843/R0000009	900	2424	280	450
T2_007_A61	https://www.dl.ndl.go.jp/api/iiif/1245843/R0000009	616	642	290	490
T2_007_A62	https://www.dl.ndl.go.jp/api/iiif/1245843/R0000009	596	2438	270	460
T2_007_B11	https://www.dl.ndl.go.jp/api/iiif/1245843/R0000010	4764	636	300	400
T2_007_B12	https://www.dl.ndl.go.jp/api/iiif/1245843/R0000010	4792	2392	300	420
T2_007_B21	https://www.dl.ndl.go.jp/api/iiif/1245843/R0000010	4454	638	270	460
T2_007_B22	https://www.dl.ndl.go.jp/api/iiif/1245843/R0000010	4470	2412	280	380
T2_007_B31	https://www.dl.ndl.go.jp/api/iiif/1245843/R0000010	4146	640	280	400
T2_007_B32	https://www.dl.ndl.go.jp/api/iiif/1245843/R0000010	4162	2400	250	390
T2_007_B41	https://www.dl.ndl.go.jp/api/iiif/1245843/R0000010	3850	626	290	420
T2_007_B42	https://www.dl.ndl.go.jp/api/iiif/1245843/R0000010	3844	2394	290	450
T2_007_B51	https://www.dl.ndl.go.jp/api/iiif/1245843/R0000010	3518	640	330	420
T2_007_B52	https://www.dl.ndl.go.jp/api/iiif/1245843/R0000010	3516	2410	300	430
T2_007_B61	https://www.dl.ndl.go.jp/api/iiif/1245843/R0000010	3220	614	250	410
T2_008_A11	https://www.dl.ndl.go.jp/api/iiif/1245843/R0000010	2130	662	280	450
T2_008_A12	https://www.dl.ndl.go.jp/api/iiif/1245843/R0000010	2146	2460	280	390
T2_008_A21	https://www.dl.ndl.go.jp/api/iiif/1245843/R0000010	1826	658	300	440
T2_008_A41	https://www.dl.ndl.go.jp/api/iiif/1245843/R0000010	1204	654	290	390
T2_008_A42	https://www.dl.ndl.go.jp/api/iiif/1245843/R0000010	1172	2424	280	510
T2_008_A61	https://www.dl.ndl.go.jp/api/iiif/1245843/R0000010	572	652	280	410
T2_008_A62	https://www.dl.ndl.go.jp/api/iiif/1245843/R0000010	548	2478	320	480
T2_008_B22	https://www.dl.ndl.go.jp/api/iiif/1245843/R0000011	4438	2422	300	250
T2_008_B31	https://www.dl.ndl.go.jp/api/iiif/1245843/R0000011	4118	666	290	440
T2_008_B32	https://www.dl.ndl.go.jp/api/iiif/1245843/R0000011	4136	2416	290	370
T2_008_B41	https://www.dl.ndl.go.jp/api/iiif/1245843/R0000011	3820	662	290	350
T2_008_B42	https://www.dl.ndl.go.jp/api/iiif/1245843/R0000011	3818	2434	310	420
T2_008_B51	https://www.dl.ndl.go.jp/api/iiif/1245843/R0000011	3510	660	250	350
T2_008_B52	https://www.dl.ndl.go.jp/api/iiif/1245843/R0000011	3516	2438	250	390
T2_008_B61	https://www.dl.ndl.go.jp/api/iiif/1245843/R0000011	3198	672	310	320
T2_008_B62	https://www.dl.ndl.go.jp/api/iiif/1245843/R0000011	3212	2476	310	350
T2_009_A11	https://www.dl.ndl.go.jp/api/iiif/1245843/R0000011	2132	630	280	330
T2_009_A21	https://www.dl.ndl.go.jp/api/iiif/1245843/R0000011	1820	624	300	440
T2_009_A22	https://www.dl.ndl.go.jp/api/iiif/1245843/R0000011	1812	2420	280	480
T2_009_A31	https://www.dl.ndl.go.jp/api/iiif/1245843/R0000011	1480	622	330	400
T2_009_A32	https://www.dl.ndl.go.jp/api/iiif/1245843/R0000011	1508	2396	300	330
T2_009_A41	https://www.dl.ndl.go.jp/api/iiif/1245843/R0000011	1210	620	240	290
T2_009_A42	https://www.dl.ndl.go.jp/api/iiif/1245843/R0000011	1182	2398	300	340
T2_009_A42_2	https://www.dl.ndl.go.jp/api/iiif/1245843/R0000011	1194	2720	300	300
T2_009_A51	https://www.dl.ndl.go.jp/api/iiif/1245843/R0000011	908	630	310	310
T2_009_A52	https://www.dl.ndl.go.jp/api/iiif/1245843/R0000011	854	2426	310	470
T2_009_A61	https://www.dl.ndl.go.jp/api/iiif/1245843/R0000011	598	662	310	320
T2_009_A62	https://www.dl.ndl.go.jp/api/iiif/1245843/R0000011	560	2414	270	530
T2_009_B11	https://www.dl.ndl.go.jp/api/iiif/1245843/R0000012	4724	636	270	400
T2_009_B12	https://www.dl.ndl.go.jp/api/iiif/1245843/R0000012	4744	2432	260	570
T2_009_B21	https://www.dl.ndl.go.jp/api/iiif/1245843/R0000012	4406	664	280	370
T2_009_B22	https://www.dl.ndl.go.jp/api/iiif/1245843/R0000012	4440	2444	290	450
T2_009_B31	https://www.dl.ndl.go.jp/api/iiif/1245843/R0000012	4106	648	290	510
T2_009_B32	https://www.dl.ndl.go.jp/api/iiif/1245843/R0000012	4136	2430	290	380
T2_009_B41	https://www.dl.ndl.go.jp/api/iiif/1245843/R0000012	3764	638	340	500
T2_009_B42	https://www.dl.ndl.go.jp/api/iiif/1245843/R0000012	3826	2440	270	350
T2_009_B51	https://www.dl.ndl.go.jp/api/iiif/1245843/R0000012	3462	634	290	400
T2_009_B52	https://www.dl.ndl.go.jp/api/iiif/1245843/R0000012	3502	2438	290	320
T2_009_B61	https://www.dl.ndl.go.jp/api/iiif/1245843/R0000012	3188	658	280	270
T2_009_B62	https://www.dl.ndl.go.jp/api/iiif/1245843/R0000012	3206	2454	270	500
T2_010_A11	https://www.dl.ndl.go.jp/api/iiif/1245843/R0000012	2084	602	280	500
T2_010_A12	https://www.dl.ndl.go.jp/api/iiif/1245843/R0000012	2084	2390	280	330
T2_010_A21	https://www.dl.ndl.go.jp/api/iiif/1245843/R0000012	1750	606	320	360
T2_010_A22	https://www.dl.ndl.go.jp/api/iiif/1245843/R0000012	1762	2402	280	410
T2_010_A31	https://www.dl.ndl.go.jp/api/iiif/1245843/R0000012	1460	606	280	410
T2_010_A32	https://www.dl.ndl.go.jp/api/iiif/1245843/R0000012	1446	2388	300	410
T2_010_A41	https://www.dl.ndl.go.jp/api/iiif/1245843/R0000012	1132	604	300	400
T2_010_A42	https://www.dl.ndl.go.jp/api/iiif/1245843/R0000012	1148	2378	270	470
T2_010_A51	https://www.dl.ndl.go.jp/api/iiif/1245843/R0000012	846	612	270	340
T2_010_A52	https://www.dl.ndl.go.jp/api/iiif/1245843/R0000012	848	2382	290	380
T2_010_A61	https://www.dl.ndl.go.jp/api/iiif/1245843/R0000012	528	624	300	360
T2_010_A62	https://www.dl.ndl.go.jp/api/iiif/1245843/R0000012	512	2400	310	200
T2_010_B11	https://www.dl.ndl.go.jp/api/iiif/1245843/R0000013	4666	666	270	360
T2_010_B12	https://www.dl.ndl.go.jp/api/iiif/1245843/R0000013	4686	2440	270	440
T2_010_B21	https://www.dl.ndl.go.jp/api/iiif/1245843/R0000013	4368	674	270	350
T2_010_B22	https://www.dl.ndl.go.jp/api/iiif/1245843/R0000013	4372	2432	310	440
T2_010_B31	https://www.dl.ndl.go.jp/api/iiif/1245843/R0000013	4044	682	250	460
T2_010_B32	https://www.dl.ndl.go.jp/api/iiif/1245843/R0000013	4058	2430	300	370
T2_010_B41	https://www.dl.ndl.go.jp/api/iiif/1245843/R0000013	3750	668	290	460
T2_010_B42	https://www.dl.ndl.go.jp/api/iiif/1245843/R0000013	3754	2446	270	420
T2_010_B51	https://www.dl.ndl.go.jp/api/iiif/1245843/R0000013	3420	664	300	450
T2_010_B52	https://www.dl.ndl.go.jp/api/iiif/1245843/R0000013	3442	2450	280	530
T2_010_B61	https://www.dl.ndl.go.jp/api/iiif/1245843/R0000013	3096	680	340	340
T2_010_B62	https://www.dl.ndl.go.jp/api/iiif/1245843/R0000013	3104	2460	310	530
T2_011_A11	https://www.dl.ndl.go.jp/api/iiif/1245843/R0000013	2106	574	260	390
T2_011_A12	https://www.dl.ndl.go.jp/api/iiif/1245843/R0000013	2110	2434	280	450
T2_011_A21	https://www.dl.ndl.go.jp/api/iiif/1245843/R0000013	1768	586	280	290
T2_011_A22	https://www.dl.ndl.go.jp/api/iiif/1245843/R0000013	1796	2526	270	290
T2_011_A31	https://www.dl.ndl.go.jp/api/iiif/1245843/R0000013	1468	606	270	340
T2_011_A32	https://www.dl.ndl.go.jp/api/iiif/1245843/R0000013	1456	2364	310	400
T2_011_A41	https://www.dl.ndl.go.jp/api/iiif/1245843/R0000013	1152	594	300	330
T2_011_A42	https://www.dl.ndl.go.jp/api/iiif/1245843/R0000013	1166	2378	280	380
T2_011_A51	https://www.dl.ndl.go.jp/api/iiif/1245843/R0000013	846	588	300	420
T2_011_A52	https://www.dl.ndl.go.jp/api/iiif/1245843/R0000013	842	2380	280	320
T2_011_A61	https://www.dl.ndl.go.jp/api/iiif/1245843/R0000013	550	616	310	240
T2_011_A62	https://www.dl.ndl.go.jp/api/iiif/1245843/R0000013	554	2378	280	270
T2_011_B11	https://www.dl.ndl.go.jp/api/iiif/1245843/R0000014	4650	652	270	340
T2_011_B12	https://www.dl.ndl.go.jp/api/iiif/1245843/R0000014	4710	2382	270	230
T2_011_B12_2	https://www.dl.ndl.go.jp/api/iiif/1245843/R0000014	4722	2604	240	240
T2_011_B21	https://www.dl.ndl.go.jp/api/iiif/1245843/R0000014	4346	666	300	500
T2_011_B22	https://www.dl.ndl.go.jp/api/iiif/1245843/R0000014	4392	2408	270	340
T2_011_B31	https://www.dl.ndl.go.jp/api/iiif/1245843/R0000014	4052	670	290	480
T2_011_B32	https://www.dl.ndl.go.jp/api/iiif/1245843/R0000014	4066	2432	280	390
T2_011_B41	https://www.dl.ndl.go.jp/api/iiif/1245843/R0000014	3758	628	270	450
T2_011_B42	https://www.dl.ndl.go.jp/api/iiif/1245843/R0000014	3760	2430	320	510
T2_011_B51	https://www.dl.ndl.go.jp/api/iiif/1245843/R0000014	3454	656	280	320
T2_011_B52	https://www.dl.ndl.go.jp/api/iiif/1245843/R0000014	3464	2446	250	470
T2_011_B61	https://www.dl.ndl.go.jp/api/iiif/1245843/R0000014	3100	648	290	420
T2_011_B62	https://www.dl.ndl.go.jp/api/iiif/1245843/R0000014	3138	2436	320	440
T2_012_A11	https://www.dl.ndl.go.jp/api/iiif/1245843/R0000014	2126	640	240	460
T2_012_A12	https://www.dl.ndl.go.jp/api/iiif/1245843/R0000014	2104	2444	290	480
T2_012_A21	https://www.dl.ndl.go.jp/api/iiif/1245843/R0000014	1778	644	340	470
T2_012_A22	https://www.dl.ndl.go.jp/api/iiif/1245843/R0000014	1782	2440	310	430
T2_012_A31	https://www.dl.ndl.go.jp/api/iiif/1245843/R0000014	1462	642	310	500
T2_012_A32	https://www.dl.ndl.go.jp/api/iiif/1245843/R0000014	1466	2424	270	490
T2_012_A41	https://www.dl.ndl.go.jp/api/iiif/1245843/R0000014	1174	664	300	420
T2_012_A42	https://www.dl.ndl.go.jp/api/iiif/1245843/R0000014	1156	2438	270	500
T2_012_A51	https://www.dl.ndl.go.jp/api/iiif/1245843/R0000014	876	662	290	350
T2_012_A52	https://www.dl.ndl.go.jp/api/iiif/1245843/R0000014	850	2384	290	460
T2_012_A52_2	https://www.dl.ndl.go.jp/api/iiif/1245843/R0000014	786	2840	320	310
T2_012_A61	https://www.dl.ndl.go.jp/api/iiif/1245843/R0000014	586	654	230	330
T2_012_A62	https://www.dl.ndl.go.jp/api/iiif/1245843/R0000014	516	2402	280	430
T2_012_B11	https://www.dl.ndl.go.jp/api/iiif/1245843/R0000015	4698	656	260	390
T2_012_B12	https://www.dl.ndl.go.jp/api/iiif/1245843/R0000015	4680	2402	300	510
T2_012_B21	https://www.dl.ndl.go.jp/api/iiif/1245843/R0000015	4390	656	310	410
T2_012_B22	https://www.dl.ndl.go.jp/api/iiif/1245843/R0000015	4362	2368	300	450
T2_012_B31	https://www.dl.ndl.go.jp/api/iiif/1245843/R0000015	4088	628	250	440
T2_012_B32	https://www.dl.ndl.go.jp/api/iiif/1245843/R0000015	4086	2404	260	470
T2_012_B41	https://www.dl.ndl.go.jp/api/iiif/1245843/R0000015	3814	638	250	360
T2_012_B42	https://www.dl.ndl.go.jp/api/iiif/1245843/R0000015	3796	2382	250	390
T2_012_B51	https://www.dl.ndl.go.jp/api/iiif/1245843/R0000015	3494	616	230	300
T2_012_B52	https://www.dl.ndl.go.jp/api/iiif/1245843/R0000015	3476	2378	270	450
T2_012_B61	https://www.dl.ndl.go.jp/api/iiif/1245843/R0000015	3190	636	260	310
T2_012_B62	https://www.dl.ndl.go.jp/api/iiif/1245843/R0000015	3148	2434	320	480
T2_013_A11	https://www.dl.ndl.go.jp/api/iiif/1245843/R0000015	2132	660	280	470
T2_013_A12	https://www.dl.ndl.go.jp/api/iiif/1245843/R0000015	2134	2398	260	470
T2_013_A21	https://www.dl.ndl.go.jp/api/iiif/1245843/R0000015	1824	594	310	230
T2_013_A22	https://www.dl.ndl.go.jp/api/iiif/1245843/R0000015	1820	2378	290	440
T2_013_A31	https://www.dl.ndl.go.jp/api/iiif/1245843/R0000015	1516	604	280	400
T2_013_A32	https://www.dl.ndl.go.jp/api/iiif/1245843/R0000015	1486	2386	300	530
T2_013_A41	https://www.dl.ndl.go.jp/api/iiif/1245843/R0000015	1226	638	240	410
T2_013_A42	https://www.dl.ndl.go.jp/api/iiif/1245843/R0000015	1204	2392	270	500
T2_013_A51	https://www.dl.ndl.go.jp/api/iiif/1245843/R0000015	910	622	280	430
T2_013_A52	https://www.dl.ndl.go.jp/api/iiif/1245843/R0000015	886	2382	290	500
T2_013_A61	https://www.dl.ndl.go.jp/api/iiif/1245843/R0000015	610	636	270	300
T2_013_A62	https://www.dl.ndl.go.jp/api/iiif/1245843/R0000015	592	2344	290	430
T2_013_B11	https://www.dl.ndl.go.jp/api/iiif/1245843/R0000016	4766	634	230	250
T2_013_B12	https://www.dl.ndl.go.jp/api/iiif/1245843/R0000016	4772	2388	260	460
T2_013_B21	https://www.dl.ndl.go.jp/api/iiif/1245843/R0000016	4458	628	240	370
T2_013_B22	https://www.dl.ndl.go.jp/api/iiif/1245843/R0000016	4450	2414	250	320
T2_013_B31	https://www.dl.ndl.go.jp/api/iiif/1245843/R0000016	4106	612	310	390
T2_013_B32	https://www.dl.ndl.go.jp/api/iiif/1245843/R0000016	4158	2444	280	390
T2_013_B41	https://www.dl.ndl.go.jp/api/iiif/1245843/R0000016	3810	614	320	420
T2_013_B42	https://www.dl.ndl.go.jp/api/iiif/1245843/R0000016	3812	2406	320	450
T2_013_B51	https://www.dl.ndl.go.jp/api/iiif/1245843/R0000016	3484	616	290	420
T2_013_B52	https://www.dl.ndl.go.jp/api/iiif/1245843/R0000016	3484	2418	310	460
T2_013_B61	https://www.dl.ndl.go.jp/api/iiif/1245843/R0000016	3212	626	270	440
T2_013_B62	https://www.dl.ndl.go.jp/api/iiif/1245843/R0000016	3198	2400	300	440
T2_014_A11	https://www.dl.ndl.go.jp/api/iiif/1245843/R0000016	2106	642	260	370
T2_014_A12	https://www.dl.ndl.go.jp/api/iiif/1245843/R0000016	2102	2436	300	410
T2_014_A21	https://www.dl.ndl.go.jp/api/iiif/1245843/R0000016	1802	628	310	260
T2_014_A22	https://www.dl.ndl.go.jp/api/iiif/1245843/R0000016	1788	2434	300	470
T2_014_A31	https://www.dl.ndl.go.jp/api/iiif/1245843/R0000016	1462	662	320	440
T2_014_A32	https://www.dl.ndl.go.jp/api/iiif/1245843/R0000016	1470	2448	300	400
T2_014_A41	https://www.dl.ndl.go.jp/api/iiif/1245843/R0000016	1160	660	280	380
T2_014_A42	https://www.dl.ndl.go.jp/api/iiif/1245843/R0000016	1168	2422	260	420
T2_014_A51	https://www.dl.ndl.go.jp/api/iiif/1245843/R0000016	866	664	260	400
T2_014_A52	https://www.dl.ndl.go.jp/api/iiif/1245843/R0000016	844	2434	270	470
T2_014_A61	https://www.dl.ndl.go.jp/api/iiif/1245843/R0000016	558	646	280	480
T2_014_A62	https://www.dl.ndl.go.jp/api/iiif/1245843/R0000016	532	2440	310	380
T2_014_B11	https://www.dl.ndl.go.jp/api/iiif/1245843/R0000017	4720	656	260	390
T2_014_B12	https://www.dl.ndl.go.jp/api/iiif/1245843/R0000017	4700	2410	300	420
T2_014_B21	https://www.dl.ndl.go.jp/api/iiif/1245843/R0000017	4440	642	280	340
T2_014_B22	https://www.dl.ndl.go.jp/api/iiif/1245843/R0000017	4398	2426	280	290
T2_014_B22_2	https://www.dl.ndl.go.jp/api/iiif/1245843/R0000017	4522	2758	210	230
T2_014_B31	https://www.dl.ndl.go.jp/api/iiif/1245843/R0000017	4110	638	320	370
T2_014_B32	https://www.dl.ndl.go.jp/api/iiif/1245843/R0000017	4088	2408	270	310
T2_014_B41	https://www.dl.ndl.go.jp/api/iiif/1245843/R0000017	3810	632	270	410
T2_014_B42	https://www.dl.ndl.go.jp/api/iiif/1245843/R0000017	3776	2414	270	400
T2_014_B51	https://www.dl.ndl.go.jp/api/iiif/1245843/R0000017	3464	620	300	380
T2_014_B52	https://www.dl.ndl.go.jp/api/iiif/1245843/R0000017	3458	2422	290	380
T2_014_B61	https://www.dl.ndl.go.jp/api/iiif/1245843/R0000017	3184	618	280	310
T2_014_B62	https://www.dl.ndl.go.jp/api/iiif/1245843/R0000017	3132	2404	320	370
T2_015_A11	https://www.dl.ndl.go.jp/api/iiif/1245843/R0000017	2112	618	280	470
T2_015_A12	https://www.dl.ndl.go.jp/api/iiif/1245843/R0000017	2112	2418	310	400
T2_015_A21	https://www.dl.ndl.go.jp/api/iiif/1245843/R0000017	1788	612	300	370
T2_015_A22	https://www.dl.ndl.go.jp/api/iiif/1245843/R0000017	1798	2408	300	380
T2_015_A31	https://www.dl.ndl.go.jp/api/iiif/1245843/R0000017	1436	636	340	400
T2_015_A32	https://www.dl.ndl.go.jp/api/iiif/1245843/R0000017	1470	2420	310	380
T2_015_A41	https://www.dl.ndl.go.jp/api/iiif/1245843/R0000017	1152	654	270	300
T2_015_A42	https://www.dl.ndl.go.jp/api/iiif/1245843/R0000017	1174	2398	280	390
T2_015_A51	https://www.dl.ndl.go.jp/api/iiif/1245843/R0000017	858	644	270	410
T2_015_A52	https://www.dl.ndl.go.jp/api/iiif/1245843/R0000017	822	2410	280	400
T2_015_A61	https://www.dl.ndl.go.jp/api/iiif/1245843/R0000017	558	650	280	410
T2_015_A62	https://www.dl.ndl.go.jp/api/iiif/1245843/R0000017	558	2408	260	360
T2_015_B11	https://www.dl.ndl.go.jp/api/iiif/1245843/R0000018	4714	660	240	360
T2_015_B12	https://www.dl.ndl.go.jp/api/iiif/1245843/R0000018	4698	2406	250	330
T2_015_B12_2	https://www.dl.ndl.go.jp/api/iiif/1245843/R0000018	4786	2776	190	240
T2_015_B21	https://www.dl.ndl.go.jp/api/iiif/1245843/R0000018	4396	658	290	380
T2_015_B22	https://www.dl.ndl.go.jp/api/iiif/1245843/R0000018	4390	2420	280	390
T2_015_B31	https://www.dl.ndl.go.jp/api/iiif/1245843/R0000018	4084	648	270	330
T2_015_B32	https://www.dl.ndl.go.jp/api/iiif/1245843/R0000018	4082	2428	280	410
T2_015_B41	https://www.dl.ndl.go.jp/api/iiif/1245843/R0000018	3758	630	320	470
T2_015_B42	https://www.dl.ndl.go.jp/api/iiif/1245843/R0000018	3762	2418	330	370
T2_015_B51	https://www.dl.ndl.go.jp/api/iiif/1245843/R0000018	3432	632	290	360
T2_015_B52	https://www.dl.ndl.go.jp/api/iiif/1245843/R0000018	3448	2414	310	420
T2_015_B61	https://www.dl.ndl.go.jp/api/iiif/1245843/R0000018	3186	638	220	450
T2_015_B62	https://www.dl.ndl.go.jp/api/iiif/1245843/R0000018	3162	2434	300	430
T2_016_A11	https://www.dl.ndl.go.jp/api/iiif/1245843/R0000018	2126	596	260	400
T2_016_A12	https://www.dl.ndl.go.jp/api/iiif/1245843/R0000018	2102	2386	300	420
T2_016_A21	https://www.dl.ndl.go.jp/api/iiif/1245843/R0000018	1804	600	300	480
T2_016_A22	https://www.dl.ndl.go.jp/api/iiif/1245843/R0000018	1800	2386	300	420
T2_016_A31	https://www.dl.ndl.go.jp/api/iiif/1245843/R0000018	1468	596	290	400
T2_016_A32	https://www.dl.ndl.go.jp/api/iiif/1245843/R0000018	1476	2380	290	280
T2_016_A32_2	https://www.dl.ndl.go.jp/api/iiif/1245843/R0000018	1464	2654	310	340
T2_016_A41	https://www.dl.ndl.go.jp/api/iiif/1245843/R0000018	1190	618	220	380
T2_016_A42	https://www.dl.ndl.go.jp/api/iiif/1245843/R0000018	1190	2366	230	420
T2_016_A51	https://www.dl.ndl.go.jp/api/iiif/1245843/R0000018	876	614	280	380
T2_016_A52	https://www.dl.ndl.go.jp/api/iiif/1245843/R0000018	858	2388	270	440
T2_016_A61	https://www.dl.ndl.go.jp/api/iiif/1245843/R0000018	582	622	300	410
T2_016_A62	https://www.dl.ndl.go.jp/api/iiif/1245843/R0000018	546	2370	290	490
T2_016_B11	https://www.dl.ndl.go.jp/api/iiif/1245843/R0000019	4706	638	260	410
T2_016_B12	https://www.dl.ndl.go.jp/api/iiif/1245843/R0000019	4668	2406	280	520
T2_016_B21	https://www.dl.ndl.go.jp/api/iiif/1245843/R0000019	4400	644	290	430
T2_016_B22	https://www.dl.ndl.go.jp/api/iiif/1245843/R0000019	4378	2382	280	450
T2_016_B31	https://www.dl.ndl.go.jp/api/iiif/1245843/R0000019	4090	634	300	380
T2_016_B32	https://www.dl.ndl.go.jp/api/iiif/1245843/R0000019	4060	2398	300	430
T2_016_B41	https://www.dl.ndl.go.jp/api/iiif/1245843/R0000019	3778	624	300	450
T2_016_B42	https://www.dl.ndl.go.jp/api/iiif/1245843/R0000019	3744	2386	300	480
T2_016_B51	https://www.dl.ndl.go.jp/api/iiif/1245843/R0000019	3482	602	270	410
T2_016_B52	https://www.dl.ndl.go.jp/api/iiif/1245843/R0000019	3452	2404	310	320
T2_016_B62	https://www.dl.ndl.go.jp/api/iiif/1245843/R0000019	3144	2408	250	370
T3_001_A31	https://www.dl.ndl.go.jp/api/iiif/1245852/R0000003	1468	576	330	370
T3_001_A41	https://www.dl.ndl.go.jp/api/iiif/1245852/R0000003	1164	582	290	410
T3_001_A42	https://www.dl.ndl.go.jp/api/iiif/1245852/R0000003	1206	2352	280	440
T3_001_A51	https://www.dl.ndl.go.jp/api/iiif/1245852/R0000003	864	612	290	370
T3_001_A52	https://www.dl.ndl.go.jp/api/iiif/1245852/R0000003	884	2368	290	410
T3_001_A61	https://www.dl.ndl.go.jp/api/iiif/1245852/R0000003	566	616	290	420
T3_001_B11	https://www.dl.ndl.go.jp/api/iiif/1245852/R0000004	4856	586	340	500
T3_001_B12	https://www.dl.ndl.go.jp/api/iiif/1245852/R0000004	4860	2332	310	440
T3_001_B21	https://www.dl.ndl.go.jp/api/iiif/1245852/R0000004	4528	600	320	380
T3_070_B31	https://www.dl.ndl.go.jp/api/iiif/1243006/R0000026	4078	636	270	390
T3_070_B32	https://www.dl.ndl.go.jp/api/iiif/1243006/R0000026	4104	2388	260	340
T3_070_B41	https://www.dl.ndl.go.jp/api/iiif/1243006/R0000026	3792	892	240	310
T3_070_B42	https://www.dl.ndl.go.jp/api/iiif/1243006/R0000026	3776	2412	270	390
T3_070_B51	https://www.dl.ndl.go.jp/api/iiif/1243006/R0000026	3452	642	270	360
T3_070_B52	https://www.dl.ndl.go.jp/api/iiif/1243006/R0000026	3458	2404	270	380
T3_070_B61	https://www.dl.ndl.go.jp/api/iiif/1243006/R0000026	3148	656	300	440
T3_070_B62	https://www.dl.ndl.go.jp/api/iiif/1243006/R0000026	3136	2400	280	380
T3_071_A11	https://www.dl.ndl.go.jp/api/iiif/1243006/R0000026	2064	606	290	430
T3_071_A12	https://www.dl.ndl.go.jp/api/iiif/1243006/R0000026	2076	2360	340	470
T4_001_A21	https://www.dl.ndl.go.jp/api/iiif/1243011/R0000003	1796	660	250	400
T4_001_A22	https://www.dl.ndl.go.jp/api/iiif/1243011/R0000003	1812	2396	310	430
T4_001_A31	https://www.dl.ndl.go.jp/api/iiif/1243011/R0000003	1474	636	320	370
T4_001_A32	https://www.dl.ndl.go.jp/api/iiif/1243011/R0000003	1494	2392	320	370
T4_001_A42	https://www.dl.ndl.go.jp/api/iiif/1243011/R0000003	1176	2440	320	430
T4_001_A51	https://www.dl.ndl.go.jp/api/iiif/1243011/R0000003	888	658	270	460
T4_001_A61	https://www.dl.ndl.go.jp/api/iiif/1243011/R0000003	568	656	300	390
T4_001_A62	https://www.dl.ndl.go.jp/api/iiif/1243011/R0000003	588	2416	290	380
T4_001_B11	https://www.dl.ndl.go.jp/api/iiif/1243011/R0000004	4744	618	320	360
T4_001_B12	https://www.dl.ndl.go.jp/api/iiif/1243011/R0000004	4750	2396	330	360
T4_001_B21	https://www.dl.ndl.go.jp/api/iiif/1243011/R0000004	4460	636	290	380
T4_001_B22	https://www.dl.ndl.go.jp/api/iiif/1243011/R0000004	4454	2380	270	360
T4_001_B31	https://www.dl.ndl.go.jp/api/iiif/1243011/R0000004	4154	632	310	360
T4_001_B32	https://www.dl.ndl.go.jp/api/iiif/1243011/R0000004	4134	2384	290	400
T4_001_B51	https://www.dl.ndl.go.jp/api/iiif/1243011/R0000004	3530	618	290	380
T4_001_B51_2	https://www.dl.ndl.go.jp/api/iiif/1243011/R0000004	3664	994	220	220
T4_001_B53	https://www.dl.ndl.go.jp/api/iiif/1243011/R0000004	3496	2392	330	370
T4_001_B61	https://www.dl.ndl.go.jp/api/iiif/1243011/R0000004	3214	622	320	430
T4_001_B62	https://www.dl.ndl.go.jp/api/iiif/1243011/R0000004	3190	2396	310	420
T4_002_A11	https://www.dl.ndl.go.jp/api/iiif/1243011/R0000004	2074	662	270	460
T4_002_A12	https://www.dl.ndl.go.jp/api/iiif/1243011/R0000004	2094	2420	270	400
T4_002_A22	https://www.dl.ndl.go.jp/api/iiif/1243011/R0000004	1762	2406	350	450
T4_002_A31	https://www.dl.ndl.go.jp/api/iiif/1243011/R0000004	1426	656	320	410
T4_002_A32	https://www.dl.ndl.go.jp/api/iiif/1243011/R0000004	1458	2426	280	340
T4_002_A42	https://www.dl.ndl.go.jp/api/iiif/1243011/R0000004	1144	2434	280	400
T4_002_A52	https://www.dl.ndl.go.jp/api/iiif/1243011/R0000004	840	2432	280	320
T4_002_A61	https://www.dl.ndl.go.jp/api/iiif/1243011/R0000004	512	694	330	400
T4_002_A62	https://www.dl.ndl.go.jp/api/iiif/1243011/R0000004	522	2436	310	380
T4_002_B11	https://www.dl.ndl.go.jp/api/iiif/1243011/R0000005	4700	660	280	380
T4_002_B12	https://www.dl.ndl.go.jp/api/iiif/1243011/R0000005	4692	2424	270	330
T4_002_B21	https://www.dl.ndl.go.jp/api/iiif/1243011/R0000005	4378	650	310	400
T4_002_B22	https://www.dl.ndl.go.jp/api/iiif/1243011/R0000005	4362	2448	320	360
T4_002_B32	https://www.dl.ndl.go.jp/api/iiif/1243011/R0000005	4072	2432	270	390
T4_002_B41	https://www.dl.ndl.go.jp/api/iiif/1243011/R0000005	3802	650	320	360
T4_002_B43	https://www.dl.ndl.go.jp/api/iiif/1243011/R0000005	3756	2408	260	360
T4_002_B51	https://www.dl.ndl.go.jp/api/iiif/1243011/R0000005	3496	646	310	390
T4_002_B52	https://www.dl.ndl.go.jp/api/iiif/1243011/R0000005	3422	2432	320	390
T4_002_B61	https://www.dl.ndl.go.jp/api/iiif/1243011/R0000005	3142	640	340	430
T4_003_A21	https://www.dl.ndl.go.jp/api/iiif/1243011/R0000005	1718	634	320	420
T4_003_A31	https://www.dl.ndl.go.jp/api/iiif/1243011/R0000005	1412	630	290	410
T4_003_A32	https://www.dl.ndl.go.jp/api/iiif/1243011/R0000005	1404	2434	290	420
T4_003_A41	https://www.dl.ndl.go.jp/api/iiif/1243011/R0000005	1104	658	300	360
T4_003_A42	https://www.dl.ndl.go.jp/api/iiif/1243011/R0000005	1100	2438	280	370
T4_003_A52	https://www.dl.ndl.go.jp/api/iiif/1243011/R0000005	794	2434	280	380
T4_003_A61	https://www.dl.ndl.go.jp/api/iiif/1243011/R0000005	492	660	300	380
T4_003_A62	https://www.dl.ndl.go.jp/api/iiif/1243011/R0000005	482	2430	330	400
T4_003_B11	https://www.dl.ndl.go.jp/api/iiif/1243011/R0000006	4646	666	320	390
T4_003_B12	https://www.dl.ndl.go.jp/api/iiif/1243011/R0000006	4636	2396	310	390
T4_003_B21	https://www.dl.ndl.go.jp/api/iiif/1243011/R0000006	4330	648	320	490
T4_003_B22	https://www.dl.ndl.go.jp/api/iiif/1243011/R0000006	4324	2400	320	390
T4_003_B31	https://www.dl.ndl.go.jp/api/iiif/1243011/R0000006	4030	640	330	460
T4_003_B32	https://www.dl.ndl.go.jp/api/iiif/1243011/R0000006	4032	2392	280	580
T4_003_B41	https://www.dl.ndl.go.jp/api/iiif/1243011/R0000006	3728	652	300	410
T4_003_B42	https://www.dl.ndl.go.jp/api/iiif/1243011/R0000006	3726	2400	310	410
T4_003_B51	https://www.dl.ndl.go.jp/api/iiif/1243011/R0000006	3422	648	310	390
T4_003_B52	https://www.dl.ndl.go.jp/api/iiif/1243011/R0000006	3412	2386	290	400
T4_003_B61	https://www.dl.ndl.go.jp/api/iiif/1243011/R0000006	3138	654	280	420
T4_003_B62	https://www.dl.ndl.go.jp/api/iiif/1243011/R0000006	3106	2408	280	360
T4_004_A11	https://www.dl.ndl.go.jp/api/iiif/1243011/R0000006	2066	618	340	380
T4_004_A12	https://www.dl.ndl.go.jp/api/iiif/1243011/R0000006	2124	2390	290	380
T4_004_A21	https://www.dl.ndl.go.jp/api/iiif/1243011/R0000006	1770	620	310	450
T4_004_A31	https://www.dl.ndl.go.jp/api/iiif/1243011/R0000006	1460	620	310	410
T4_004_A32	https://www.dl.ndl.go.jp/api/iiif/1243011/R0000006	1500	2418	270	400
T4_004_A41	https://www.dl.ndl.go.jp/api/iiif/1243011/R0000006	1172	658	310	380
T4_004_A42	https://www.dl.ndl.go.jp/api/iiif/1243011/R0000006	1168	2404	330	460
T4_004_A51	https://www.dl.ndl.go.jp/api/iiif/1243011/R0000006	842	654	290	450
T4_004_A52	https://www.dl.ndl.go.jp/api/iiif/1243011/R0000006	884	2426	260	460
T4_004_A61	https://www.dl.ndl.go.jp/api/iiif/1243011/R0000006	546	668	310	390
T4_004_A62	https://www.dl.ndl.go.jp/api/iiif/1243011/R0000006	576	2426	300	490
T4_004_B11	https://www.dl.ndl.go.jp/api/iiif/1243011/R0000007	4672	644	320	430
T4_004_B12	https://www.dl.ndl.go.jp/api/iiif/1243011/R0000007	4682	2424	300	400
T4_004_B21	https://www.dl.ndl.go.jp/api/iiif/1243011/R0000007	4382	654	300	390
T4_004_B22	https://www.dl.ndl.go.jp/api/iiif/1243011/R0000007	4394	2448	300	370
T4_004_B31	https://www.dl.ndl.go.jp/api/iiif/1243011/R0000007	4088	650	300	390
T4_004_B32	https://www.dl.ndl.go.jp/api/iiif/1243011/R0000007	4096	2424	260	470
T4_004_B41	https://www.dl.ndl.go.jp/api/iiif/1243011/R0000007	3780	646	290	470
T4_004_B43	https://www.dl.ndl.go.jp/api/iiif/1243011/R0000007	3766	2450	310	420
T4_004_B51	https://www.dl.ndl.go.jp/api/iiif/1243011/R0000007	3456	650	300	360
T4_004_B52	https://www.dl.ndl.go.jp/api/iiif/1243011/R0000007	3458	2430	290	380
T4_004_B61	https://www.dl.ndl.go.jp/api/iiif/1243011/R0000007	3134	646	330	350
T4_004_B62	https://www.dl.ndl.go.jp/api/iiif/1243011/R0000007	3128	2446	320	500
T4_005_A11	https://www.dl.ndl.go.jp/api/iiif/1243011/R0000007	2086	664	270	430
T4_005_A12	https://www.dl.ndl.go.jp/api/iiif/1243011/R0000007	2098	2446	300	380
T4_005_A21	https://www.dl.ndl.go.jp/api/iiif/1243011/R0000007	1722	644	350	400
T4_005_A32	https://www.dl.ndl.go.jp/api/iiif/1243011/R0000007	1464	2444	300	420
T4_005_A41	https://www.dl.ndl.go.jp/api/iiif/1243011/R0000007	1154	682	300	370
T4_005_A42	https://www.dl.ndl.go.jp/api/iiif/1243011/R0000007	1154	2450	290	370
T4_005_A51	https://www.dl.ndl.go.jp/api/iiif/1243011/R0000007	848	670	270	370
T4_005_A52	https://www.dl.ndl.go.jp/api/iiif/1243011/R0000007	836	2446	310	440
T4_005_A61	https://www.dl.ndl.go.jp/api/iiif/1243011/R0000007	504	672	340	490
T4_005_A62	https://www.dl.ndl.go.jp/api/iiif/1243011/R0000007	526	2448	270	490
T4_005_B12	https://www.dl.ndl.go.jp/api/iiif/1243011/R0000008	4672	2444	260	410
T4_005_B21	https://www.dl.ndl.go.jp/api/iiif/1243011/R0000008	4396	678	260	380
T4_005_B22	https://www.dl.ndl.go.jp/api/iiif/1243011/R0000008	4354	2432	280	390
T4_005_B31	https://www.dl.ndl.go.jp/api/iiif/1243011/R0000008	4058	674	340	480
T4_005_B32	https://www.dl.ndl.go.jp/api/iiif/1243011/R0000008	4040	2436	310	440
T4_005_B41	https://www.dl.ndl.go.jp/api/iiif/1243011/R0000008	3754	672	310	430
T4_005_B42	https://www.dl.ndl.go.jp/api/iiif/1243011/R0000008	3730	2448	300	370
T4_005_B51	https://www.dl.ndl.go.jp/api/iiif/1243011/R0000008	3446	658	320	420
T4_005_B52	https://www.dl.ndl.go.jp/api/iiif/1243011/R0000008	3402	2450	330	430
T4_005_B61	https://www.dl.ndl.go.jp/api/iiif/1243011/R0000008	3138	656	290	420
T4_006_A11	https://www.dl.ndl.go.jp/api/iiif/1243011/R0000008	2076	630	290	410
T4_006_A12	https://www.dl.ndl.go.jp/api/iiif/1243011/R0000008	2096	2394	300	490
T4_006_A21	https://www.dl.ndl.go.jp/api/iiif/1243011/R0000008	1762	620	290	430
T4_006_A22	https://www.dl.ndl.go.jp/api/iiif/1243011/R0000008	1774	2424	320	500
T4_006_A31	https://www.dl.ndl.go.jp/api/iiif/1243011/R0000008	1456	624	290	510
T4_006_A32	https://www.dl.ndl.go.jp/api/iiif/1243011/R0000008	1474	2412	300	420
T4_006_A41	https://www.dl.ndl.go.jp/api/iiif/1243011/R0000008	1156	652	300	470
T4_006_A42	https://www.dl.ndl.go.jp/api/iiif/1243011/R0000008	1166	2406	310	520
T4_006_A51	https://www.dl.ndl.go.jp/api/iiif/1243011/R0000008	840	672	320	430
T4_006_A52	https://www.dl.ndl.go.jp/api/iiif/1243011/R0000008	852	2414	330	470
T4_006_A61	https://www.dl.ndl.go.jp/api/iiif/1243011/R0000008	512	690	320	410
T4_006_A62	https://www.dl.ndl.go.jp/api/iiif/1243011/R0000008	532	2452	310	430
T4_006_B11	https://www.dl.ndl.go.jp/api/iiif/1243011/R0000009	4600	674	280	480
T5_002_A31	https://www.dl.ndl.go.jp/api/iiif/1243018/R0000004	1472	326	300	530
T5_002_A32	https://www.dl.ndl.go.jp/api/iiif/1243018/R0000004	1458	2114	300	410
T5_002_A41	https://www.dl.ndl.go.jp/api/iiif/1243018/R0000004	1186	354	290	350
T5_002_A42	https://www.dl.ndl.go.jp/api/iiif/1243018/R0000004	1162	2116	290	390
T5_002_A51	https://www.dl.ndl.go.jp/api/iiif/1243018/R0000004	878	360	290	420
T5_002_A52	https://www.dl.ndl.go.jp/api/iiif/1243018/R0000004	834	2086	300	410
T5_002_A61	https://www.dl.ndl.go.jp/api/iiif/1243018/R0000004	554	362	300	400
T5_002_A62	https://www.dl.ndl.go.jp/api/iiif/1243018/R0000004	524	2098	300	350
T5_002_B11	https://www.dl.ndl.go.jp/api/iiif/1243018/R0000005	4802	350	290	440
T5_002_B21	https://www.dl.ndl.go.jp/api/iiif/1243018/R0000005	4512	2100	300	370
T5_002_B31	https://www.dl.ndl.go.jp/api/iiif/1243018/R0000005	4224	2114	240	330
T5_002_B41	https://www.dl.ndl.go.jp/api/iiif/1243018/R0000005	3902	356	300	420
T5_002_B42	https://www.dl.ndl.go.jp/api/iiif/1243018/R0000005	3898	2114	320	380
T5_002_B51	https://www.dl.ndl.go.jp/api/iiif/1243018/R0000005	3552	348	320	440
T5_002_B52	https://www.dl.ndl.go.jp/api/iiif/1243018/R0000005	3576	2124	280	350
T6_001_A31	https://www.dl.ndl.go.jp/api/iiif/1243035/R0000003	1432	888	300	250
T6_001_A32	https://www.dl.ndl.go.jp/api/iiif/1243035/R0000003	1454	2586	310	360
T6_001_A41	https://www.dl.ndl.go.jp/api/iiif/1243035/R0000003	1162	900	270	270
T6_001_A42	https://www.dl.ndl.go.jp/api/iiif/1243035/R0000003	1170	2654	250	290
T6_001_A51	https://www.dl.ndl.go.jp/api/iiif/1243035/R0000003	844	916	270	270
